Date,Last Price,Volume,SMAVG (15)
06/28/2010,17,,
06/29/2010,23.89,18783276,
06/30/2010,23.83,17194394,
07/1/2010,21.96,8229863,
07/2/2010,19.2,5141807,
07/6/2010,16.11,6879296,
07/7/2010,15.8,6924914,
07/8/2010,17.46,7719539,
07/9/2010,17.4,4058606,
07/12/2010,17.05,2203570,
07/13/2010,18.14,2680060,
07/14/2010,19.84,4196110,
07/15/2010,19.89,3745297,
07/16/2010,20.64,2621210,
07/19/2010,21.91,2486489,
07/20/2010,20.3,1825231,6312644
07/21/2010,20.22,1253442,5143989
07/22/2010,21,962345,4061852
07/23/2010,21.29,654049,3556798
07/26/2010,20.95,922453,3275508
07/27/2010,20.55,619675,2858199
07/28/2010,20.72,467183,2427684
07/29/2010,20.35,615910,1954109
07/30/2010,19.94,426830,1711990
08/2/2010,20.92,719145,1613029
08/3/2010,21.95,1231023,1516426
08/4/2010,21.26,920756,1298069
08/5/2010,20.45,796380,1101475
08/6/2010,19.59,742138,976203
08/9/2010,19.6,812656,864614
08/10/2010,19.03,1281286,828351
08/11/2010,17.9,797650,797965
08/12/2010,17.6,691281,779894
08/13/2010,18.32,634513,778592
08/16/2010,18.78,486211,749509
08/17/2010,19.15,447881,738056
08/18/2010,18.77,601332,746999
08/19/2010,18.79,579082,744544
08/20/2010,19.1,297499,735922
08/23/2010,20.13,1088029,760514
08/24/2010,19.2,673074,723318
08/25/2010,19.9,503289,695487
08/26/2010,19.75,433736,671310
08/27/2010,19.7,379642,647144
08/30/2010,19.87,732731,641816
08/31/2010,19.48,201012,569797
09/1/2010,20.45,495685,549666
09/2/2010,21.06,487060,536052
09/3/2010,21.05,434756,522735
09/7/2010,20.54,243335,506543
09/8/2010,20.9,288382,495910
09/9/2010,20.71,376197,480901
09/10/2010,20.17,386571,468067
09/13/2010,20.72,360703,472280
09/14/2010,21.12,654629,443387
09/15/2010,21.98,684758,444166
09/16/2010,20.94,2685880,589672
09/17/2010,20.23,1198458,640653
09/20/2010,21.055,947475,678509
09/21/2010,20.77,796000,682727
09/22/2010,19.87,962816,733514
09/23/2010,19.56,668076,745006
09/24/2010,20.1,578987,751135
09/27/2010,20.53,418597,750058
09/28/2010,21.4,1214465,814800
09/29/2010,21.98,1969457,926871
09/30/2010,20.405,2196625,1048233
10/1/2010,20.6,599071,1062400
10/4/2010,20.99,643599,1081260
10/5/2010,21.12,331936,1059747
10/6/2010,20.46,313552,1035000
10/7/2010,20.43,141020,865342
10/8/2010,20.43,268110,803319
10/11/2010,20.24,171194,751567
10/12/2010,20.24,243912,714761
10/13/2010,20.54,320541,671943
10/14/2010,20.75,294620,647046
10/15/2010,20.54,284840,627436
10/18/2010,20.23,162729,610378
10/19/2010,20.05,245127,545756
10/20/2010,20.65,312444,435288
10/21/2010,20.75,417999,316713
10/22/2010,20.72,161021,287510
10/25/2010,20.85,118614,252511
10/26/2010,21.36,660841,274438
10/27/2010,21,356500,277301
10/28/2010,21.19,224190,282845
10/29/2010,21.84,280682,283684
11/1/2010,21.41,455784,302656
11/2/2010,21.25,322465,307893
11/3/2010,21.77,374199,311470
11/4/2010,24.9,1874801,416816
11/5/2010,24.44,1010946,465223
11/8/2010,24.98,509475,488339
11/9/2010,24.63,957749,535847
11/10/2010,29.36,3061038,719087
11/11/2010,28.035,1945094,820893
11/12/2010,29.84,2729169,992103
11/15/2010,30.8,2625133,1159204
11/16/2010,29.67,1347731,1204997
11/17/2010,29.49,750341,1231253
11/18/2010,29.89,956248,1280057
11/19/2010,30.99,1150494,1338045
11/22/2010,33.4,1529972,1409657
11/23/2010,34.57,1578070,1493364
11/24/2010,35.47,1424959,1563415
11/26/2010,35.32,350554,1461798
11/29/2010,34.33,1145543,1470771
11/30/2010,35.33,2222958,1585004
12/1/2010,34.35,1299175,1607765
12/2/2010,32.35,2006967,1537494
12/3/2010,31.49,1160460,1485185
12/6/2010,30.31,1274375,1388199
12/7/2010,31.56,1311548,1300626
12/8/2010,32.37,660980,1254843
12/9/2010,32.05,405983,1231886
12/10/2010,31.52,429381,1196761
12/13/2010,30.55,410331,1147417
12/14/2010,28.53,1766910,1163213
12/15/2010,29.6,742900,1107535
12/16/2010,30.81,790070,1065209
12/17/2010,31.36,813817,1096093
12/20/2010,31.7,523320,1054612
12/21/2010,32.26,777678,958260
12/22/2010,32.63,833256,927198
12/23/2010,30.09,1557125,897209
12/27/2010,25.549,9302329,1440000
12/28/2010,26.41,4056589,1625481
12/29/2010,27.73,3319430,1759340
12/30/2010,26.5,2041067,1851346
12/31/2010,26.63,1417847,1918803
01/3/2011,26.62,1284084,1975784
01/4/2011,26.67,1189071,2027700
01/5/2011,26.83,1446869,2006364
01/6/2011,27.88,2061217,2094251
01/7/2011,28.24,2249540,2191549
01/10/2011,28.45,1342812,2226816
01/11/2011,26.96,1711355,2306018
01/12/2011,26.96,964722,2318488
01/13/2011,26.22,723522,2311172
01/14/2011,25.75,1192121,2286838
01/18/2011,25.64,1623839,1774939
01/19/2011,24.03,2371514,1662601
01/20/2011,22.62,2279958,1593303
01/21/2011,23.04,1216941,1538361
01/24/2011,24.49,1645189,1553517
01/25/2011,24.68,1271557,1552682
01/26/2011,24.75,1079867,1545402
01/27/2011,24.92,895655,1508654
01/28/2011,24.01,1048811,1441160
01/31/2011,24.1,831575,1346629
02/1/2011,23.91,707791,1304295
02/2/2011,23.94,569472,1228169
02/3/2011,23.63,512067,1197992
02/4/2011,23.46,543917,1186018
02/7/2011,23.07,895011,1166211
02/8/2011,24.49,3505183,1291634
02/9/2011,23.21,2636262,1309284
02/10/2011,23.215,836020,1213021
02/11/2011,23.25,636602,1174332
02/14/2011,23.08,1283404,1150213
02/15/2011,22.84,960851,1129499
02/16/2011,24.73,4115806,1331895
02/17/2011,23.6,2619942,1446848
02/18/2011,23.18,2370770,1534978
02/22/2011,21.87,2064540,1617176
02/23/2011,21.83,1605708,1677037
02/24/2011,22.53,1055450,1709436
02/25/2011,23.61,1347257,1765115
02/28/2011,23.89,1051106,1798928
03/1/2011,23.94,1106350,1813017
03/2/2011,24.02,663294,1623558
03/3/2011,24.36,640140,1490483
03/4/2011,24.95,1580100,1540088
03/7/2011,24.94,2033531,1633217
03/8/2011,24.66,1399851,1640980
03/9/2011,24.72,924721,1638571
03/10/2011,24.01,1017047,1431987
03/11/2011,24.07,930794,1319377
03/14/2011,23.25,1165971,1239057
03/15/2011,22.95,1318869,1189346
03/16/2011,22.82,1169676,1160277
03/17/2011,22.81,922504,1151414
03/18/2011,22.96,687823,1107452
03/21/2011,22.73,411650,1064821
03/22/2011,22.19,582813,1029919
03/23/2011,22.21,422793,1013886
03/24/2011,22.33,462160,1002020
03/25/2011,22.75,567922,934542
03/28/2011,23.25,1058018,869507
03/29/2011,23.92,755591,826557
03/30/2011,23.71,1223877,846501
03/31/2011,27.75,11522337,1546853
04/1/2011,26.66,2865087,1675806
04/4/2011,25.83,2609227,1772023
04/5/2011,26.7,3181727,1896214
04/6/2011,26.49,1288297,1904122
04/7/2011,27.24,2810766,2030006
04/8/2011,26.49,1946352,2113908
04/11/2011,25.27,1372200,2177945
04/12/2011,24.65,1357401,2229584
04/13/2011,24.93,1211444,2282161
04/14/2011,25.14,983382,2316909
04/15/2011,25.58,943451,2341944
04/18/2011,25.03,1033871,2340334
04/19/2011,25.16,548693,2326541
04/20/2011,25.75,837469,2300780
04/21/2011,26.74,1386053,1625028
04/25/2011,26.39,800839,1487412
04/26/2011,26.93,1372343,1404953
04/27/2011,27.08,996901,1259298
04/28/2011,27.66,1644997,1283078
04/29/2011,27.6,726340,1144116
05/2/2011,27.45,784560,1066663
05/3/2011,26.87,913965,1036114
05/4/2011,26.69,1047169,1015432
05/5/2011,26.44,1219449,1015965
05/6/2011,27.12,981606,1015847
05/9/2011,27.91,916303,1014037
05/10/2011,28.33,1535626,1047488
05/11/2011,27.07,962965,1075106
05/12/2011,27.67,627740,1061124
05/13/2011,27.55,661577,1012825
05/16/2011,26.6,755622,1009811
05/17/2011,25.96,1234156,1000598
05/18/2011,26.35,729407,982765
05/19/2011,28.2,2655367,1050124
05/20/2011,27.97,842534,1057870
05/23/2011,26.82,863548,1063136
05/24/2011,26.72,613673,1043116
05/25/2011,28.98,4693811,1286226
05/26/2011,29.48,3336891,1427388
05/27/2011,29.55,1687069,1474419
05/31/2011,30.14,3290522,1632701
06/1/2011,28.517,1530396,1632352
06/2/2011,28.76,986294,1633907
06/3/2011,30.13,6210209,2006072
06/6/2011,28.7,2331767,2117418
06/7/2011,28.37,1222099,2148516
06/8/2011,27.12,1696936,2179368
06/9/2011,27.62,1604220,2237689
06/10/2011,27.86,1566532,2165100
06/13/2011,28.43,1713761,2223182
06/14/2011,28.6,1573310,2270499
06/15/2011,27.32,1346579,2319360
06/16/2011,26.5,1842124,2129247
06/17/2011,26.5,1713965,2021052
06/20/2011,26.01,1537709,2011095
06/21/2011,27.53,1496563,1891498
06/22/2011,27.21,1475533,1887840
06/23/2011,27.71,1169990,1900087
06/24/2011,27.565,3608858,1726663
06/27/2011,27.46,1809367,1691836
06/28/2011,28.11,889132,1669639
06/29/2011,28.29,1461708,1653957
06/30/2011,29.13,946654,1610119
07/1/2011,29.02,854839,1562673
07/5/2011,29.14,995989,1514821
07/6/2011,28.96,926889,1471727
07/7/2011,29.73,1327821,1470476
07/8/2011,28.81,1240580,1430373
07/11/2011,28.35,975703,1381156
07/12/2011,28.17,1045406,1348336
07/13/2011,28.64,1065942,1319627
07/14/2011,27.61,1159131,1298534
07/15/2011,27.58,708954,1267798
07/18/2011,27.23,852317,1084029
07/19/2011,27.89,1026048,1031808
07/20/2011,28.69,3048394,1175758
07/21/2011,28.7,1012006,1145778
07/22/2011,29.29,583868,1121593
07/25/2011,28.49,673491,1109503
07/26/2011,28,762932,1093966
07/27/2011,27.64,958403,1096066
07/28/2011,28.17,938729,1070127
07/29/2011,28.17,948127,1050630
08/1/2011,28.77,1164822,1063238
08/2/2011,27.34,1549320,1096832
08/3/2011,27.2,1801329,1145858
08/4/2011,24.75,3065596,1272956
08/5/2011,24.24,1964376,1356651
08/8/2011,23.64,2608572,1473734
08/9/2011,25.06,1333382,1494223
08/10/2011,23.82,1564147,1395273
08/11/2011,25.3,836484,1383572
08/12/2011,26.31,1009020,1411915
08/15/2011,26.23,738572,1416254
08/16/2011,26.1,537688,1401238
08/17/2011,25.83,643772,1380262
08/18/2011,24.26,1056569,1388118
08/19/2011,22.3,1375277,1416595
08/22/2011,21.95,986181,1404686
08/23/2011,22.96,868968,1359329
08/24/2011,23.87,684238,1284856
08/25/2011,23.11,680210,1125830
08/26/2011,23.73,761756,1045656
08/29/2011,24.71,803302,925304
08/30/2011,24.63,366659,860856
08/31/2011,24.74,823735,811495
09/1/2011,24,848085,812269
09/2/2011,23.07,770331,796356
09/6/2011,22.94,809760,801102
09/7/2011,23.84,459186,795869
09/8/2011,23.61,505697,786664
09/9/2011,22.97,669263,760843
09/12/2011,22.88,566571,706929
09/13/2011,24.08,726461,689615
09/14/2011,24.34,830777,687069
09/15/2011,24.82,562512,678954
09/16/2011,25.8,1417574,728111
09/19/2011,25.77,1157349,754484
09/20/2011,26.01,1180351,779621
09/21/2011,25.85,987577,821015
09/22/2011,25.63,776002,817833
09/23/2011,26.38,1156328,838383
09/26/2011,25.52,934715,849342
09/27/2011,26.19,674429,840319
09/28/2011,24.59,723206,857921
09/29/2011,24.12,929545,886177
09/30/2011,24.39,1336054,930630
10/3/2011,23.73,1023130,961067
10/4/2011,23.66,1200214,992651
10/5/2011,25.37,1229414,1019227
10/6/2011,26.96,1769026,1099661
10/7/2011,26.99,1311548,1092593
10/10/2011,27.88,923416,1076997
10/11/2011,27.61,576003,1036707
10/12/2011,27.8,1123364,1045760
10/13/2011,27.94,1043813,1063614
10/14/2011,28.05,1400469,1079890
10/17/2011,27.42,754439,1067871
10/18/2011,28.34,999690,1089555
10/19/2011,27.57,792850,1094198
10/20/2011,27.34,999647,1098872
10/21/2011,28.03,1142550,1085972
10/24/2011,28.55,940550,1080466
10/25/2011,28.25,654371,1044077
10/26/2011,27.98,510479,996148
10/27/2011,28.76,869335,936168
10/28/2011,29.87,1264993,933065
10/31/2011,29.37,1133969,947101
11/1/2011,28.88,635775,951086
11/2/2011,28.71,875521,934563
11/3/2011,32.46,2507593,1032149
11/4/2011,32.31,3033107,1140991
11/7/2011,31.27,1266269,1175113
11/8/2011,31.84,1167830,1186323
11/9/2011,30.88,953656,1197043
11/10/2011,31.33,747273,1180218
11/11/2011,33.64,3875123,1362390
11/14/2011,33.22,1325656,1388063
11/15/2011,33.93,890905,1403832
11/16/2011,34.94,1833136,1492009
11/17/2011,33.68,1349265,1524005
11/18/2011,32.6,902729,1499854
11/21/2011,31.76,1031524,1493024
11/22/2011,32.07,732518,1499474
11/23/2011,31.45,451813,1471227
11/25/2011,31.66,239595,1320027
11/28/2011,32.56,681124,1163228
11/29/2011,31.75,591054,1118213
11/30/2011,32.74,760965,1091089
12/1/2011,32.6,1030108,1096186
12/2/2011,33.3,802718,1099882
12/5/2011,34.42,1160050,918877
12/6/2011,34.87,951810,893954
12/7/2011,34.19,674244,879510
12/8/2011,30.89,3305945,977697
12/9/2011,31.04,1239444,970376
12/12/2011,30.41,758657,960771
12/13/2011,29.45,994015,958271
12/14/2011,28.53,1163840,987025
12/15/2011,28.62,700261,1003589
12/16/2011,28,1029605,1056256
12/19/2011,27.75,986952,1076645
12/20/2011,27.9,844381,1093533
12/21/2011,27.57,1705807,1156523
12/22/2011,27.77,1009802,1155169
12/23/2011,27.9,591390,1141080
12/27/2011,28.57,777403,1115570
12/28/2011,28.51,575138,1090459
12/29/2011,28.73,488150,1078053
12/30/2011,28.56,339860,880314
01/3/2012,28.08,928052,859554
01/4/2012,27.71,630036,850979
01/5/2012,27.12,1005432,851741
01/6/2012,26.91,986287,839904
01/9/2012,27.25,896951,853016
01/10/2012,27.62,671732,829158
01/11/2012,28.23,672239,808177
01/12/2012,28.25,729300,800505
01/13/2012,22.79,5506439,1053881
01/17/2012,26.6,4652386,1296720
01/18/2012,26.81,1260183,1341306
01/19/2012,26.76,1246222,1372561
01/20/2012,26.6,662289,1378371
01/23/2012,26.77,594533,1385463
01/24/2012,27.42,857914,1420000
01/25/2012,27.97,611112,1398870
01/26/2012,28.94,1271028,1441603
01/27/2012,29.33,748361,1424465
01/30/2012,29.57,728979,1407311
01/31/2012,29.07,956713,1411295
02/1/2012,29.58,523169,1401391
02/2/2012,30.25,805610,1410283
02/3/2012,31.15,764418,1412624
02/6/2012,31.8,652161,1089005
02/7/2012,31.6,1021503,846946
02/8/2012,31.93,623626,804509
02/9/2012,32.58,1277968,806626
02/10/2012,31.1,1874139,887416
02/13/2012,31.49,1157858,924971
02/14/2012,33.17,1811365,988534
02/15/2012,33.6,2764476,1132092
02/16/2012,34.18,2219636,1195332
02/17/2012,34.97,1376645,1237218
02/21/2012,34.5,1135788,1264338
02/22/2012,34.22,1654985,1310890
02/23/2012,34.53,820345,1330702
02/24/2012,33.75,959866,1340985
02/27/2012,33.62,605953,1330421
02/28/2012,33.81,612183,1327756
02/29/2012,33.41,535684,1295368
03/1/2012,34.41,703435,1300688
03/2/2012,34.04,549971,1252155
03/5/2012,33.77,466938,1158342
03/6/2012,33.11,573749,1119401
03/7/2012,33.12,364831,1022966
03/8/2012,33.07,633267,880885
03/9/2012,34.74,1553423,836471
03/12/2012,36.01,1964520,875663
03/13/2012,36.09,1001643,866720
03/14/2012,35.29,851464,813151
03/15/2012,35,571596,796568
03/16/2012,35.32,729236,781193
03/19/2012,34.98,1015586,808502
03/20/2012,34.96,567001,805490
03/21/2012,35.15,607103,810251
03/22/2012,34.4,522353,798179
03/23/2012,34.08,1170567,839552
03/26/2012,37.4,3140891,1017815
03/27/2012,37.94,2540053,1148902
03/28/2012,37.85,954970,1188245
03/29/2012,37.33,796335,1199116
03/30/2012,37.24,886312,1154642
04/2/2012,36.58,1028504,1092241
04/3/2012,38.01,1104150,1099075
04/4/2012,35,4482816,1341165
04/5/2012,34.48,1509478,1403690
04/9/2012,33.15,1655805,1465462
04/10/2012,32.46,1847669,1520934
04/11/2012,33.09,1105447,1556830
04/12/2012,33.44,1034154,1585300
04/13/2012,33.59,649580,1593782
04/16/2012,32.25,1099751,1589061
04/17/2012,32.24,1115538,1454038
04/18/2012,32.66,823096,1339574
04/19/2012,33.16,774878,1327568
04/20/2012,33.16,821774,1329264
04/23/2012,31.94,890715,1329557
04/24/2012,31.82,674467,1305955
04/25/2012,32.91,712133,1279820
04/26/2012,33.49,427619,1009474
04/27/2012,33.34,590205,948189
04/30/2012,33.13,413948,865398
05/1/2012,33.78,658947,786150
05/2/2012,33.94,497251,745604
05/3/2012,32.46,842107,732801
05/4/2012,31.83,1247486,772661
05/7/2012,32.47,1157969,776542
05/8/2012,30.19,3097180,908652
05/9/2012,30.06,1947828,983634
05/10/2012,32.96,5556301,1302395
05/11/2012,32.25,1221205,1329024
05/14/2012,30.06,1380842,1361699
05/15/2012,29.43,1585682,1422447
05/16/2012,29.18,1257193,1458784
05/17/2012,28.57,1149043,1506879
05/18/2012,27.56,1616487,1575298
05/21/2012,28.77,1475170,1646046
05/22/2012,30.79,2366170,1759861
05/23/2012,31.02,1220349,1808068
05/24/2012,30.32,1075520,1823628
05/25/2012,29.81,757009,1790930
05/29/2012,31.69,1649917,1823726
05/30/2012,30.41,1307141,1704391
05/31/2012,29.5,1118701,1649115
06/1/2012,28.15,885710,1337743
06/4/2012,27.88,1030834,1325051
06/5/2012,27.91,630885,1275054
06/6/2012,29.22,910508,1230043
06/7/2012,28.93,492015,1179031
06/8/2012,30.08,881209,1161175
06/11/2012,29.12,635947,1095806
06/12/2012,29.66,568994,1035394
06/13/2012,29.77,844371,933941
06/14/2012,29.39,872161,910728
06/15/2012,29.91,646737,882143
06/18/2012,31.84,1256796,915462
06/19/2012,32.09,911029,866203
06/20/2012,33.78,3422342,1007216
06/21/2012,32.19,1891895,1058762
06/22/2012,33.785,3047452,1202878
06/25/2012,33.11,1503186,1234369
06/26/2012,31.61,2613849,1366566
06/27/2012,31.96,1047194,1375679
06/28/2012,31.41,914040,1403814
06/29/2012,31.29,1125704,1420113
07/2/2012,30.4,1315534,1465419
07/3/2012,30.66,947128,1490628
07/5/2012,31.23,1253866,1517928
07/6/2012,30.99,784661,1512094
07/9/2012,31.49,910409,1529672
07/10/2012,31.27,758352,1496443
07/11/2012,31.51,638516,1478275
07/12/2012,32.7,1125670,1325164
07/13/2012,34.25,1304912,1286032
07/16/2012,35.96,1743908,1199129
07/17/2012,33.35,2569463,1270214
07/18/2012,32.15,2882084,1288096
07/19/2012,32.27,1435878,1314008
07/20/2012,31.79,1568466,1357637
07/23/2012,30.66,1386743,1375039
07/24/2012,29.84,1500676,1387382
07/25/2012,28.95,2844065,1513845
07/26/2012,28.13,2263005,1581121
07/27/2012,29.51,1672968,1640341
07/30/2012,27.35,2066040,1717383
07/31/2012,27.42,1575060,1771830
08/1/2012,26.25,1592217,1835410
08/2/2012,26.1,1305016,1847367
08/3/2012,27.27,1209470,1841004
08/6/2012,28.27,1528169,1826621
08/7/2012,30.25,2387304,1814477
08/8/2012,29.09,1308895,1709598
08/9/2012,29.41,672584,1658712
08/10/2012,29.94,707390,1601307
08/13/2012,31.17,870050,1566861
08/14/2012,29.42,793336,1519705
08/15/2012,29.4,525385,1365126
08/16/2012,30.3,668973,1258857
08/17/2012,30.01,508122,1181201
08/20/2012,29.51,1179008,1122065
08/21/2012,29.11,761516,1067829
08/22/2012,29.95,775490,1013381
08/23/2012,30.73,1470974,1024444
08/24/2012,29.5,1430011,1039147
08/27/2012,28.32,1350325,1027291
08/28/2012,28.69,1402656,961648
08/29/2012,28.41,838883,930314
08/30/2012,28.41,656307,929228
08/31/2012,28.52,539736,918051
09/4/2012,28.14,752496,910215
09/5/2012,27.94,639227,899941
09/6/2012,28.55,841643,921024
09/7/2012,29.35,953151,939970
09/10/2012,27.37,1484015,1005029
09/11/2012,27.8,1014871,994087
09/12/2012,28.28,1145334,1019675
09/13/2012,29.48,1486359,1067066
09/14/2012,30.39,1536669,1071446
09/17/2012,32.54,3212991,1190311
09/18/2012,31.34,1788480,1219521
09/19/2012,31.05,1048457,1195908
09/20/2012,30.9,912372,1200807
09/21/2012,30.02,1870170,1281731
09/24/2012,30.66,1302004,1332549
09/25/2012,27.66,5684952,1661380
09/26/2012,27.54,1527320,1720586
09/27/2012,28.49,1758553,1781713
09/28/2012,29.28,4343338,2007726
10/1/2012,29.16,884305,1967745
10/2/2012,29.8,728969,1948685
10/3/2012,29.3,1055288,1942682
10/4/2012,29.4,1541207,1946338
10/5/2012,28.89,938670,1906472
10/8/2012,29.25,890006,1751606
10/9/2012,28.37,1193479,1711939
10/10/2012,28.4,505063,1675713
10/11/2012,28.32,450571,1644926
10/12/2012,27.64,987535,1586084
10/15/2012,27.33,1469167,1597228
10/16/2012,28.06,479248,1250181
10/17/2012,28.819,667963,1192891
10/18/2012,28.04,740947,1125050
10/19/2012,27.74,1027302,903981
10/22/2012,27.85,470198,876374
10/23/2012,28.39,749273,877728
10/24/2012,27.42,1016368,875133
10/25/2012,27.52,577686,810898
10/26/2012,27.38,477305,780141
10/31/2012,28.131,775142,772483
11/1/2012,29.245,1024054,761188
11/2/2012,28.918,1030265,796202
11/5/2012,31.5,2049118,902771
11/6/2012,31.15,2323943,991865
11/7/2012,31.54,1715417,1008282
11/8/2012,31.31,1273986,1061265
11/9/2012,30.32,863028,1074269
11/12/2012,31.07,557651,1062049
11/13/2012,31.614,998263,1060113
11/14/2012,31.38,871315,1086854
11/15/2012,30.82,983941,1102499
11/16/2012,31.84,908650,1095318
11/19/2012,32.92,1392548,1149642
11/20/2012,33,922427,1179317
11/21/2012,32.47,963133,1191849
11/23/2012,32.13,430212,1152260
11/26/2012,32.27,496219,1116657
11/27/2012,32.15,910770,1040767
11/28/2012,33.23,1525299,987524
11/29/2012,33.69,1103315,946717
11/30/2012,33.82,1420284,956470
12/3/2012,34.62,2085753,1037985
12/4/2012,33.9,1264211,1085089
12/5/2012,33.71,661486,1062638
12/6/2012,33.9,660397,1048576
12/7/2012,34.17,664586,1027286
12/10/2012,34.57,929751,1028693
12/11/2012,35.28,1572591,1040696
12/12/2012,35.26,2063877,1116792
12/13/2012,33.61,2151224,1195998
12/14/2012,33.81,1022943,1235514
12/17/2012,34.4,824809,1257420
12/18/2012,34.59,1554436,1300331
12/19/2012,34.61,1298731,1285226
12/20/2012,34.43,921194,1273085
12/21/2012,34,1492306,1277886
12/24/2012,34.28,375796,1163889
12/26/2012,33.59,601784,1119727
12/27/2012,33.69,561085,1113034
12/28/2012,33.22,414135,1096617
12/31/2012,33.87,594846,1091967
01/2/2013,35.36,1194710,1109631
01/3/2013,34.77,741941,1054255
01/4/2013,34.4,673993,961596
01/7/2013,34.34,441909,847641
01/8/2013,33.68,1283985,865044
01/9/2013,33.64,697979,856589
01/10/2013,33.53,922405,814453
01/11/2013,32.91,1563274,832089
01/14/2013,33.26,925018,832344
01/15/2013,33.9,1624389,841150
01/16/2013,34.1,1378138,907973
01/17/2013,34.38,1436604,963627
01/18/2013,34.52,3555074,1163227
01/22/2013,35.19,1920131,1263626
01/23/2013,36,1564206,1328250
01/24/2013,36.99,1970389,1379962
01/25/2013,36.98,1287703,1416347
01/28/2013,38.03,1985992,1503813
01/29/2013,37.95,1426503,1569453
01/30/2013,37.52,968098,1548394
01/31/2013,37.51,901318,1561950
02/1/2013,38.3,1100590,1573829
02/4/2013,37.74,1127989,1544810
02/5/2013,38.13,1310192,1570488
02/6/2013,39.17,1893148,1588405
02/7/2013,39.48,1197521,1576364
02/8/2013,39.24,1139733,1556573
02/11/2013,38.42,3266248,1537317
02/12/2013,37.89,2261246,1560058
02/13/2013,38.45,967102,1520252
02/14/2013,38.3,990640,1454935
02/15/2013,37.04,2018269,1503639
02/19/2013,39.28,2701340,1551329
02/20/2013,38.54,3121910,1664356
02/21/2013,35.16,9038212,2202364
02/22/2013,36.11,2547831,2312132
02/25/2013,34.38,2890772,2431477
02/26/2013,34.43,2763050,2540481
02/27/2013,35.1,1959129,2583744
02/28/2013,34.83,1964893,2588527
03/1/2013,34.65,1546600,2611798
03/4/2013,35.58,1757660,2652994
03/5/2013,36.65,2086969,2574375
03/6/2013,37.69,1149925,2500287
03/7/2013,38.23,1158354,2513037
03/8/2013,38.47,912052,2507798
03/11/2013,39.1,1579440,2478543
03/12/2013,39.12,1275062,2383457
03/13/2013,38.98,821986,2230129
03/14/2013,36.85,2024459,1762546
03/15/2013,35.29,3279777,1811342
03/18/2013,35.15,1316336,1706380
03/19/2013,35.08,1098475,1595408
03/20/2013,35.95,1423684,1559712
03/21/2013,36.01,1146287,1505138
03/22/2013,36.62,446235,1431780
03/25/2013,37.53,2379354,1473226
03/26/2013,37.86,1808137,1454638
03/27/2013,38.16,1296283,1464395
03/28/2013,37.89,1158652,1464415
04/1/2013,43.93,14105873,2344003
04/2/2013,44.34,6652374,2682198
04/3/2013,41.1,5644995,2973527
04/4/2013,42.01,2264867,3069719
04/5/2013,41.37,1552389,3038248
04/8/2013,41.83,1679001,2931530
04/9/2013,40.5,1696036,2956843
04/10/2013,41.86,2121088,3025017
04/11/2013,43.59,3448081,3159977
04/12/2013,43.75,3149372,3293516
04/15/2013,43.3,1685984,3376166
04/16/2013,45.59,3180438,3429571
04/17/2013,45.45,2118428,3450258
04/18/2013,46.97,3368700,3588419
04/19/2013,47.83,3012136,3711984
04/22/2013,50.19,3939327,3034215
04/23/2013,51.01,3737550,2839893
04/24/2013,50.43,2630108,2638900
04/25/2013,52,2796207,2674323
04/26/2013,51.2,3622430,2812326
04/29/2013,54.94,3642206,2943206
04/30/2013,53.99,5523948,3198400
05/1/2013,53.28,2742778,3239846
05/2/2013,54.11,3052333,3213463
05/3/2013,54.55,3379403,3228799
05/6/2013,59.5,4372799,3407920
05/7/2013,55.51,9994549,3862194
05/8/2013,55.786,6769859,4172289
05/9/2013,69.4,28604970,5854707
05/10/2013,76.764,25086430,7326327
05/13/2013,87.8,22416816,8558159
05/14/2013,83.24,37163896,10786582
05/15/2013,84.842,16878700,11736488
05/16/2013,92.248,21614002,12991008
05/17/2013,91.5,19008450,14016743
05/20/2013,89.94,8348331,14330484
05/21/2013,87.59,9001763,14562339
05/22/2013,87.24,8573776,14951072
05/23/2013,92.73,12044257,15550533
05/24/2013,97.08,16124194,16400186
05/28/2013,110.334,19691824,17421454
05/29/2013,104.629,25099480,18428450
05/30/2013,104.95,16140554,19053162
05/31/2013,97.76,15171929,18157626
06/3/2013,92.59,19143476,17761430
06/4/2013,94.84,8856045,16857378
06/5/2013,95.37,12224731,15194767
06/6/2013,97.35,9514406,14703815
06/7/2013,102.04,10717217,13977362
06/10/2013,100.05,9234215,13325747
06/11/2013,94.47,7396040,13262260
06/12/2013,97.73,9197523,13275311
06/13/2013,98.18,5965124,13101401
06/14/2013,100.3,6567421,12736279
06/17/2013,102.2,7075640,12133042
06/18/2013,103.39,8803563,11407158
06/19/2013,104.68,8588734,10306441
06/20/2013,100.65,10111221,9904486
06/21/2013,99.55,11718527,9674259
06/24/2013,101.49,7127020,8873162
06/25/2013,102.4,5850832,8672814
06/26/2013,105.72,6610159,8298510
06/27/2013,109.25,8750826,8247604
06/28/2013,107.36,5750431,7916485
07/1/2013,117.179,10903601,8027778
07/2/2013,117.82,12070315,8339396
07/3/2013,115.24,4806662,8046672
07/5/2013,120.09,6827497,8104164
07/8/2013,121.61,7820816,8187723
07/9/2013,123.45,8603207,8289561
07/10/2013,122.27,5600012,8075991
07/11/2013,125.61,7486958,8002539
07/12/2013,129.9,11349186,8085070
07/15/2013,127.26,9924336,7965457
07/16/2013,109.05,32371868,9648447
07/17/2013,120.25,26028948,10993655
07/18/2013,119.03,11407358,11313468
07/19/2013,119.68,5891439,11122842
07/22/2013,122.43,9804810,11393134
07/23/2013,122.74,7740469,11182259
07/24/2013,121.7,6871372,10835663
07/25/2013,124.07,5287144,10867695
07/26/2013,129.39,9640703,11055242
07/29/2013,134.62,9686072,11179592
07/30/2013,131.74,13130267,11481396
07/31/2013,134.28,6351637,11531504
08/1/2013,135.55,5323599,11387281
08/2/2013,138,6269838,11048657
08/5/2013,144.68,10200629,11067077
08/6/2013,142.15,9261092,9526358
08/7/2013,134.23,18212138,9005238
08/8/2013,153.48,27246764,10061198
08/9/2013,153,8936029,10264171
08/12/2013,147.38,14912175,10604662
08/13/2013,145.43,8748863,10671888
08/14/2013,139.36,11693743,10993380
08/15/2013,139.67,10188877,11320162
08/16/2013,142,7108086,11151321
08/19/2013,144.9,8037640,11041425
08/20/2013,149.58,6418108,10593948
08/21/2013,147.86,6266262,10588256
08/22/2013,157.1,10592391,10939509
08/23/2013,161.839,12931842,11383643
08/26/2013,164.22,24171096,12315007
08/27/2013,167.01,17566816,12868722
08/28/2013,166.45,14740006,12637247
08/29/2013,166.06,9445720,11450510
08/30/2013,169,11028358,11589999
09/3/2013,168.94,12061100,11399927
09/4/2013,170.622,11475647,11581713
09/5/2013,169.93,6693202,11248343
09/6/2013,166.97,8619630,11143727
09/9/2013,160.7,14344473,11626153
09/10/2013,166.37,8967786,11688162
09/11/2013,163.52,5832476,11649120
09/12/2013,164.93,6159993,11642036
09/13/2013,165.54,5409888,11296536
09/16/2013,166.58,7592598,10940586
09/17/2013,166.23,5500719,9695894
09/18/2013,166.218,5439615,8887414
09/19/2013,177.92,15594568,8944385
09/20/2013,183.39,13401689,9208116
09/23/2013,181.11,8191841,9019015
09/24/2013,182.33,6282431,8633770
09/25/2013,185.238,8252621,8418902
09/26/2013,188.64,6621592,8414128
09/27/2013,190.9,5923881,8234412
09/30/2013,193.37,8934541,7873750
10/1/2013,193,7761429,7793326
10/2/2013,180.95,20775410,8789521
10/3/2013,173.31,23816504,9966622
10/4/2013,180.98,14413965,10566894
10/7/2013,183.07,11485579,10826426
10/8/2013,174.73,13757218,11376859
10/9/2013,168.78,15316481,12035317
10/10/2013,172.93,8883910,11587939
10/11/2013,178.7,8311086,11248566
10/14/2013,179.72,7769630,11220419
10/15/2013,183.94,10978536,11533492
10/16/2013,183.56,8205367,11530342
10/17/2013,182.802,6704968,11535900
10/18/2013,183.4,5930815,11536363
10/21/2013,172.6,11532131,11709535
10/22/2013,171.54,11394675,11951752
10/23/2013,164.5,13327739,11455240
10/24/2013,173.15,10825667,10589184
10/25/2013,169.66,7595458,10134617
10/28/2013,162.86,7841727,9891694
10/29/2013,164.47,14111737,9915328
10/30/2013,159.22,8401756,9454347
10/31/2013,159.94,9340455,9484783
11/1/2013,162.17,7180583,9409416
11/4/2013,175.2,13120374,9766133
11/5/2013,176.81,22467100,10532037
11/6/2013,151.16,31071726,12056461
11/7/2013,139.772,22284744,13095112
11/8/2013,137.95,22477860,14198249
11/11/2013,144.698,13997591,14362613
11/12/2013,137.8,14985162,14601979
11/13/2013,138.7,12658272,14557347
11/14/2013,137.6,12203700,14649216
11/15/2013,135.45,9900176,14802864
11/18/2013,121.58,23138242,15822632
11/19/2013,126.09,19816154,16202926
11/20/2013,121.11,13849554,16566113
11/21/2013,122.1,11903803,16737003
11/22/2013,121.38,11104146,16998574
11/25/2013,120.84,10257890,16807742
11/26/2013,120.5,13885522,16235636
11/27/2013,126.94,12367634,14988697
11/29/2013,127.28,9716219,14150795
12/2/2013,124.17,7751211,13169018
12/3/2013,144.7,25682404,13948006
12/4/2013,138.95,13147688,13825508
12/5/2013,140.48,9288415,13600851
12/6/2013,137.36,7909596,13314577
12/9/2013,141.6,9061485,13258664
12/10/2013,142.19,10748234,12432664
12/11/2013,139.65,7137842,11587443
12/12/2013,147.47,10767791,11381992
12/13/2013,147.654,10599775,11295057
12/16/2013,147.94,6675276,10999799
12/17/2013,152.46,10494969,11015604
12/18/2013,147.98,11581897,10862029
12/19/2013,140.72,12758613,10888094
12/20/2013,143.24,7422537,10735182
12/23/2013,143.55,5385506,10577469
12/24/2013,151.41,9941485,9528074
12/26/2013,155.5,7129526,9126863
12/27/2013,151.12,5469064,8872240
12/30/2013,152.44,4472076,8643072
12/31/2013,150.429,4266710,8323420
01/2/2014,150.1,6195355,8019895
01/3/2014,149.56,4698839,7857295
01/6/2014,147,5367320,7497263
01/7/2014,149.36,5041806,7126732
01/8/2014,151.28,6166674,7092825
01/9/2014,147.53,5388905,6752421
01/10/2014,145.72,7450531,6476997
01/13/2014,139.34,6324647,6048066
01/14/2014,161.27,27935828,7415618
01/15/2014,164.13,20488980,8422516
01/16/2014,170.97,11982099,8558557
01/17/2014,170.01,9216028,8697657
01/21/2014,176.68,9745765,8982771
01/22/2014,178.56,7036758,9153750
01/23/2014,181.5,7899515,9395937
01/24/2014,174.6,7711296,9496999
01/27/2014,169.62,8737773,9766262
01/28/2014,178.38,6128237,9816989
01/29/2014,175.23,5956817,9877990
01/30/2014,182.84,8575210,10038559
01/31/2014,181.41,6512951,10113496
02/3/2014,177.11,6778609,10068701
02/4/2014,178.73,4690883,9959783
02/5/2014,174.42,7275952,8582458
02/6/2014,178.38,5847953,7606390
02/7/2014,186.53,8964054,7405187
02/10/2014,196.56,12989286,7656738
02/11/2014,196.62,10734472,7722651
02/12/2014,195.32,5181313,7598955
02/13/2014,199.63,8174049,7617257
02/14/2014,198.23,6173462,7514735
02/18/2014,203.7,9355871,7555942
02/19/2014,193.64,16419899,8242052
02/20/2014,209.97,18022262,9046415
02/21/2014,209.6,7828981,8996666
02/24/2014,217.65,8303133,9116012
02/25/2014,248,32797000,10850571
02/26/2014,253,24771194,12189259
02/27/2014,252.54,17970708,12902242
02/28/2014,244.81,14612693,13486558
03/3/2014,250.56,13109303,13762908
03/4/2014,254.84,8765392,13481315
03/5/2014,252.66,5946736,13162133
03/6/2014,252.94,7374719,13308360
03/7/2014,246.21,7818465,13284655
03/10/2014,238.84,7745751,13389474
03/11/2014,234.41,8836349,13354839
03/12/2014,241.49,9763911,12911106
03/13/2014,237.79,6236325,12125377
03/14/2014,230.97,8289733,12156094
03/17/2014,233.98,5912592,11996725
03/18/2014,240.04,6242349,10226415
03/19/2014,235.84,5071327,8913090
03/20/2014,234.91,3817905,7969570
03/21/2014,228.89,8227311,7543878
03/24/2014,220.17,11332947,7425454
03/25/2014,220.44,7865375,7365453
03/26/2014,212.96,6907306,7429491
03/27/2014,207.32,9505307,7571530
03/28/2014,212.37,9684761,7695950
03/31/2014,208.45,8380023,7738235
04/1/2014,216.97,7371422,7640573
04/2/2014,230.29,10782251,7708463
04/3/2014,225.4,10923734,8020956
04/4/2014,212.225,11345618,8224682
04/7/2014,207.52,9855478,8487541
04/8/2014,215.46,6889296,8530671
04/9/2014,216.93,5157923,8536444
04/10/2014,204.19,7211492,8762683
04/11/2014,203.78,9071300,8818949
04/14/2014,198.09,7703031,8576954
04/15/2014,193.91,13667071,8963734
04/16/2014,199.11,7205319,8983602
04/17/2014,198.12,5929506,8745215
04/21/2014,204.38,5266490,8450664
04/22/2014,218.64,9809333,8545951
04/23/2014,207.99,7295609,8540897
04/24/2014,207.86,5504768,8189065
04/25/2014,199.85,6996658,7927260
04/28/2014,198.51,7041983,7640351
04/29/2014,206.92,5787369,7369143
04/30/2014,207.89,4443453,7206087
05/1/2014,207.73,5444670,7225204
05/2/2014,210.91,4091394,7017197
05/5/2014,216.61,5152343,6755933
05/6/2014,207.28,5636725,6618180
05/7/2014,201.35,10179291,6385661
05/8/2014,178.59,20056592,7242413
05/9/2014,182.26,8495159,7413456
05/12/2014,184.67,7004330,7529312
05/13/2014,190.16,7097242,7348506
05/14/2014,190.62,5414945,7223128
05/15/2014,188.59,6046139,7259220
05/16/2014,191.56,4489312,7092063
05/19/2014,196.09,4571660,6927375
05/20/2014,195.3,5553877,6911809
05/21/2014,199.45,5290755,6968296
05/22/2014,204.88,6216255,7019735
05/23/2014,207.3,4010931,7014371
05/27/2014,211.56,5346788,7027334
05/28/2014,210.24,5496278,7017971
05/29/2014,210.24,3694596,6585658
05/30/2014,207.77,5586068,5620956
06/2/2014,204.7,4668115,5365820
06/3/2014,204.94,3866182,5156610
06/4/2014,203.99,3434502,4912427
06/5/2014,206.9,4059285,4822050
06/6/2014,208.171,3074900,4623967
06/9/2014,205.31,2813066,4512217
06/10/2014,202.3,3522336,4442263
06/11/2014,204.47,3980491,4337370
06/12/2014,203.52,5997144,4384463
06/13/2014,206.42,3546789,4206498
06/16/2014,224.61,13246352,4822193
06/17/2014,231.67,13304907,5352734
06/18/2014,227.12,6947053,5449453
06/19/2014,227.79,8801907,5789940
06/20/2014,229.59,4908077,5744741
06/23/2014,237.22,7800189,5953546
06/24/2014,232.5,8081109,6234541
06/25/2014,236.891,5803257,6392458
06/26/2014,235.6,5122972,6463370
06/27/2014,239.06,5638787,6634296
06/30/2014,240.06,4833602,6768998
07/1/2014,239.72,4341242,6823592
07/2/2014,229.425,8035072,7093898
07/3/2014,229.25,5166716,7038536
07/7/2014,222.66,5901080,7195488
07/8/2014,219.07,7846165,6835476
07/9/2014,223.06,4117729,6222997
07/10/2014,219.46,4865246,6084210
07/11/2014,218.13,3307113,5717891
07/14/2014,226.7,7208573,5871257
07/15/2014,219.58,5732031,5733380
07/16/2014,217.16,4051097,5464712
07/17/2014,215.4,4650956,5387892
07/18/2014,220.02,4260618,5330402
07/21/2014,220.54,3825251,5209500
07/22/2014,219.58,2732485,5069425
07/23/2014,222.49,3088731,4985924
07/24/2014,223.54,3248410,4666814
07/25/2014,223.57,3090383,4528391
07/28/2014,224.82,6517611,4569494
07/29/2014,225.01,3387187,4272228
07/30/2014,228.92,4927823,4326235
07/31/2014,223.3,7749058,4518489
08/1/2014,233.27,11898133,5091223
08/4/2014,238.52,5967406,5008479
08/5/2014,238.49,5388581,4985582
08/6/2014,248.93,9249265,5332127
08/7/2014,252.39,7478926,5520658
08/8/2014,248.13,5099061,5576554
08/11/2014,259.32,8101276,5861623
08/12/2014,259.96,6390412,6105484
08/13/2014,260.31,6932628,6361744
08/14/2014,261.38,4126634,6420293
08/15/2014,262.01,3867874,6472125
08/18/2014,259.94,5849231,6427567
08/19/2014,256.76,5340136,6557763
08/20/2014,255.71,3027863,6431099
08/21/2014,254.34,2919241,6109111
08/22/2014,256.78,2836959,5505033
08/25/2014,262.55,4318053,5395076
08/26/2014,261.74,3822572,5290676
08/27/2014,263.25,2990532,4873427
08/28/2014,263.86,2854737,4565148
08/29/2014,269.7,6453958,4655474
09/2/2014,284.12,9852351,4772212
09/3/2014,281.19,6779735,4798167
09/4/2014,286.04,8341749,4892109
09/5/2014,277.39,11176167,5362077
09/8/2014,282.11,5505040,5471222
09/9/2014,278.48,4567958,5385804
09/10/2014,281.1,3785988,5282194
09/11/2014,280.31,3768584,5331575
09/12/2014,279.2,3328302,5358846
09/15/2014,253.86,16464952,6267379
09/16/2014,260.74,8303972,6533107
09/17/2014,261.38,5179923,6623597
09/18/2014,263.82,3699314,6670849
09/19/2014,259.32,6811714,6934647
09/22/2014,250.03,8222963,7052581
09/23/2014,250.41,5660048,6773094
09/24/2014,252.14,3754376,6571404
09/25/2014,246.95,4843712,6338201
09/26/2014,246.6,3798841,5846379
09/29/2014,245.26,4854687,5803023
09/30/2014,242.68,4248127,5781700
10/1/2014,240.24,5946510,5925735
10/2/2014,251.42,9002001,6274630
10/3/2014,255.21,5408665,6413321
10/6/2014,260.62,7719055,5830261
10/7/2014,259.57,4491569,5576101
10/8/2014,259.28,5062615,5568280
10/9/2014,257.01,7361316,5812414
10/10/2014,236.91,12898275,6218184
10/13/2014,224.59,11276552,6421757
10/14/2014,227.06,7112339,6518576
10/15/2014,229.7,9151648,6878394
10/16/2014,226.35,5404565,6915785
10/17/2014,227.48,10551850,7365985
10/20/2014,230.47,3499686,7275652
10/21/2014,235.34,4130345,7267800
10/22/2014,231.1,4123397,7146259
10/23/2014,235.29,3499882,6779451
10/24/2014,235.24,3466927,6650002
10/27/2014,221.67,9553348,6772288
10/28/2014,242.77,10516297,7173936
10/29/2014,238.1,4967640,7167605
10/30/2014,238.66,3228371,6892075
10/31/2014,241.7,3775327,6283879
11/3/2014,242.59,4207268,5812593
11/4/2014,238.93,3682572,5583942
11/5/2014,230.97,9045925,5576894
11/6/2014,241.22,15354717,6240237
11/7/2014,240.2,5161023,5880849
11/10/2014,241.93,4577208,5952683
11/11/2014,251.08,7952565,6207498
11/12/2014,249.1,5870818,6323993
11/13/2014,251.7,6236036,6506403
11/14/2014,258.68,6101145,6682018
11/17/2014,253.98,4025695,6313507
11/18/2014,257.7,4474294,5910707
11/19/2014,247.74,7918486,6107430
11/20/2014,248.71,3587220,6131354
11/21/2014,242.78,7485059,6378669
11/24/2014,246.72,4789708,6417498
11/25/2014,248.09,3159804,6382647
11/26/2014,248.44,1981819,5911707
11/28/2014,244.52,2119688,5029371
12/1/2014,231.64,8619351,5259927
12/2/2014,231.43,5887046,5347249
12/3/2014,229.3,5307733,5170927
12/4/2014,228.28,3879208,5038153
12/5/2014,223.71,6063619,5026659
12/8/2014,214.36,9225619,5234957
12/9/2014,216.89,9431502,5595344
12/10/2014,209.84,7314139,5784667
12/11/2014,208.88,6694398,5703061
12/12/2014,207,7173782,5942165
12/15/2014,204.04,5218252,5791045
12/16/2014,197.81,8426105,6033471
12/17/2014,205.82,7367834,6314007
12/18/2014,218.26,7483349,6680775
12/19/2014,219.29,6910461,7000160
12/22/2014,222.6,4806917,6745998
12/23/2014,220.97,4513321,6654416
12/24/2014,222.26,1333518,6389469
12/26/2014,227.82,3327016,6352656
12/29/2014,225.71,2811828,6135870
12/30/2014,222.23,2903242,5714378
12/31/2014,222.41,2402097,5245751
01/2/2015,219.31,4764443,5075771
01/5/2015,210.09,5368477,4987376
01/6/2015,211.28,6261936,4926587
01/7/2015,210.95,2968390,4776596
01/8/2015,210.615,3442509,4444356
01/9/2015,206.66,4668295,4264387
01/12/2015,202.21,5950280,4162182
01/13/2015,204.25,4477320,3999973
01/14/2015,192.69,11551855,4449635
01/15/2015,191.87,5216524,4496516
01/16/2015,193.07,3603158,4647825
01/20/2015,191.93,4503182,4726236
01/21/2015,196.57,4153043,4815650
01/22/2015,201.62,4116905,4896561
01/23/2015,201.29,3442371,4965913
01/26/2015,206.55,3234522,4863918
01/27/2015,205.98,2781024,4691421
01/28/2015,199.37,3149606,4483933
01/29/2015,205.2,3548106,4522580
01/30/2015,203.6,3006959,4493544
02/2/2015,210.94,4149186,4458936
02/3/2015,218.36,4826244,4384001
02/4/2015,218.55,3305377,4305871
02/5/2015,220.99,3522947,3770610
02/6/2015,217.36,3243931,3639104
02/9/2015,217.48,3472423,3630389
02/10/2015,216.29,5390542,3689546
02/11/2015,212.8,9769102,4063950
02/12/2015,202.88,15649607,4832797
02/13/2015,203.77,6191003,5016039
02/17/2015,204.35,3979647,5065714
02/18/2015,204.46,2713598,5061219
02/19/2015,211.705,5154148,5194855
02/20/2015,217.11,5982089,5357120
02/23/2015,207.335,8499775,5723308
02/24/2015,204.11,6603560,5886933
02/25/2015,203.76,3909520,5825818
02/26/2015,207.19,6472855,6036983
02/27/2015,203.34,3882084,6060926
03/2/2015,197.325,7922065,6372801
03/3/2015,199.56,4432329,6436795
03/4/2015,202.435,4221962,6358890
03/5/2015,200.63,4877015,6032751
03/6/2015,193.88,6712438,5436939
03/9/2015,190.88,6736724,5473321
03/10/2015,190.32,5579691,5579990
03/11/2015,193.74,4974871,5730742
03/12/2015,191.07,4149294,5663752
03/13/2015,188.68,5434298,5627232
03/16/2015,195.7,5628783,5435833
03/17/2015,194.73,4894052,5321866
03/18/2015,200.71,4820936,5382627
03/19/2015,195.65,8475244,5516119
03/20/2015,198.08,4269467,5541945
03/23/2015,199.63,2631626,5189249
03/24/2015,201.72,3649860,5137084
03/25/2015,194.3,5730389,5237646
03/26/2015,190.405,4127956,5187709
03/27/2015,185,8604947,5313876
03/30/2015,190.57,10089516,5537396
03/31/2015,188.77,5026569,5500521
04/1/2015,187.59,3794621,5421837
04/2/2015,191,5010368,5479242
04/6/2015,203.1,12455811,5947343
04/7/2015,203.25,4347864,5861949
04/8/2015,207.67,6303117,5955886
04/9/2015,210.09,3800225,5887839
04/10/2015,210.9,4067676,5594001
04/13/2015,209.78,3758230,5559919
04/14/2015,207.46,3025963,5586208
04/15/2015,207.83,1952378,5473042
04/16/2015,206.7,1659059,5201620
04/17/2015,206.79,2469926,5091085
04/20/2015,205.27,2559251,4688039
04/21/2015,209.41,3432541,4244240
04/22/2015,219.44,7863037,4433338
04/23/2015,218.6,4411184,4474442
04/24/2015,218.425,2427843,4302274
04/27/2015,231.55,11672627,4250062
04/28/2015,230.48,6085379,4365896
04/29/2015,232.45,3936077,4208093
04/30/2015,226.05,3911857,4215535
05/1/2015,226.03,5281689,4296470
05/4/2015,230.51,4434596,4341561
05/5/2015,232.95,5796873,4526288
05/6/2015,230.43,5270933,4747525
05/7/2015,236.8,9455909,5267315
05/8/2015,236.61,4668236,5413869
05/11/2015,239.49,5672262,5621403
05/12/2015,244.74,6363429,5816796
05/13/2015,243.18,5440165,5655271
05/14/2015,244.1,2895936,5554254
05/15/2015,248.84,4527563,5694236
05/18/2015,248.75,3353212,5139608
05/19/2015,247.14,3674231,4978865
05/20/2015,244.35,3755569,4966831
05/21/2015,245.62,1970643,4837417
05/22/2015,247.73,2223089,4633510
05/26/2015,247.455,3498682,4571116
05/27/2015,247.43,3408200,4411871
05/28/2015,251.45,3647283,4303628
05/29/2015,250.8,3789283,3925852
06/1/2015,249.45,2505057,3781640
06/2/2015,248.35,2134809,3545810
06/3/2015,248.99,1781505,3240349
06/4/2015,245.92,2453615,3041245
06/5/2015,249.14,3022026,3049651
06/8/2015,256.29,5016997,3082280
06/9/2015,256,2611146,3032809
06/10/2015,250.7,3454453,3018157
06/11/2015,251.41,2044058,2904057
06/12/2015,250.69,1422335,2867503
06/15/2015,250.38,2186175,2865042
06/16/2015,253.12,1984678,2764108
06/17/2015,260.41,5512920,2904423
06/18/2015,261.89,2782703,2846784
06/19/2015,262.51,2463013,2758366
06/22/2015,259.79,4561079,2895434
06/23/2015,267.67,3870818,3011168
06/24/2015,265.17,2412293,3053221
06/25/2015,268.79,2849204,3079593
06/26/2015,267.09,3838434,3134021
06/29/2015,262.02,3478909,3031481
06/30/2015,268.26,3086935,3063201
07/1/2015,269.15,2101224,2972985
07/2/2015,280.02,7163930,3314310
07/6/2015,279.72,4121933,3494283
07/7/2015,267.88,6105126,3755547
07/8/2015,254.96,6221077,4037973
07/9/2015,257.92,3334077,3892717
07/10/2015,259.15,2610858,3881261
07/13/2015,262.16,2960319,3914415
07/14/2015,265.65,1907641,3737519
07/15/2015,263.14,2021621,3614239
07/16/2015,266.68,1615961,3561150
07/17/2015,274.66,5004099,3704810
07/20/2015,282.26,4978454,3780811
07/21/2015,266.77,6108686,3956130
07/22/2015,267.87,3104960,3957331
07/23/2015,267.2,2227239,3965732
07/24/2015,265.41,2836498,3677237
07/27/2015,253.01,4694192,3715387
07/28/2015,264.82,3895808,3568099
07/29/2015,263.82,2790095,3339367
07/30/2015,266.79,2034560,3252733
07/31/2015,266.15,2222552,3226846
08/3/2015,259.99,2553474,3199723
08/4/2015,266.28,2352530,3229382
08/5/2015,270.13,6214319,3508895
08/6/2015,246.13,14623754,4376082
08/7/2015,242.51,5073390,4380701
08/10/2015,241.14,4185860,4327861
08/11/2015,237.37,4264939,4204945
08/12/2015,238.17,3739157,4247225
08/13/2015,242.51,4689182,4411354
08/14/2015,243.15,4364810,4513242
08/17/2015,254.99,7176690,4678742
08/18/2015,260.72,4195035,4698690
08/19/2015,255.25,3604282,4752969
08/20/2015,242.18,4905757,4944382
08/21/2015,230.77,6590234,5235561
08/24/2015,218.87,9581585,5704102
08/25/2015,220.03,4327294,5835753
08/26/2015,224.84,4963042,5752334
08/27/2015,242.99,7655959,5287815
08/28/2015,248.48,5513673,5317167
08/31/2015,249.06,4700232,5351458
09/1/2015,238.63,5454765,5430780
09/2/2015,247.69,4629174,5490115
09/3/2015,245.57,4194772,5457154
09/4/2015,241.93,3689153,5412110
09/8/2015,248.17,3138231,5142879
09/9/2015,248.91,3390788,5089263
09/10/2015,248.48,2709024,5029579
09/11/2015,250.24,2350844,4859252
09/14/2015,253.19,2890851,4612626
09/15/2015,253.57,2933466,4169418
09/16/2015,262.25,4417081,4175404
09/17/2015,262.07,3585812,4083588
09/18/2015,260.62,3763064,3824062
09/21/2015,264.2,6120155,3864494
09/22/2015,260.94,3664353,3795436
09/23/2015,261.06,2600778,3605170
09/24/2015,263.12,3448191,3526438
09/25/2015,256.91,3773392,3498346
09/28/2015,248.43,4901057,3579139
09/29/2015,246.65,3703154,3616801
09/30/2015,248.4,4929582,3719387
10/1/2015,239.88,4572964,3843650
10/2/2015,247.57,4423982,3981859
10/5/2015,246.15,3689865,4035127
10/6/2015,241.46,5235897,4188622
10/7/2015,231.96,6813959,4348414
10/8/2015,226.72,6133216,4518241
10/9/2015,220.69,6158370,4677928
10/12/2015,215.58,3836303,4525671
10/13/2015,219.25,5171535,4626150
10/14/2015,216.88,3104446,4659728
10/15/2015,221.31,2844233,4619464
10/16/2015,227.01,4334493,4656871
10/19/2015,228.1,2507895,4497327
10/20/2015,213.03,14900047,5243786
10/21/2015,210.09,4183471,5194045
10/22/2015,211.72,2825159,5077525
10/23/2015,209.09,4235462,5064957
10/26/2015,215.26,3391438,5045062
10/27/2015,210.35,3519449,4930632
10/28/2015,212.96,2728593,4658274
10/29/2015,211.63,1805032,4369729
10/30/2015,206.93,4438901,4255097
11/2/2015,213.79,3927944,4261207
11/3/2015,208.35,8332486,4471937
11/4/2015,231.63,12726366,5113398
11/5/2015,231.77,4496843,5223572
11/6/2015,232.36,2445293,5097626
11/9/2015,225.33,3850860,5187157
11/10/2015,216.5,4617007,4501621
11/11/2015,219.08,3347806,4445910
11/12/2015,212.94,2915900,4451959
11/13/2015,207.19,3430327,4398283
11/16/2015,214.31,2925395,4367214
11/17/2015,214,2148679,4275829
11/18/2015,221.07,2811900,4281383
11/19/2015,221.8,2504375,4328006
11/20/2015,220.01,4400722,4325460
11/23/2015,217.75,2526199,4232011
11/24/2015,218.25,2480293,3841864
11/25/2015,229.64,3990779,3259492
11/27/2015,231.61,1949353,3089659
11/30/2015,230.26,2659813,3103961
12/1/2015,237.19,3733955,3096167
12/2/2015,231.99,2981468,2987131
12/3/2015,232.71,2939564,2959915
12/4/2015,230.38,2573603,2937095
12/7/2015,231.13,3144223,2918022
12/8/2015,226.72,2687636,2902171
12/9/2015,224.52,3057753,2962776
12/10/2015,227.07,2071692,2913429
12/11/2015,217.02,3268726,2964385
12/14/2015,218.58,2831518,2859772
12/15/2015,221.09,2244424,2840987
12/16/2015,234.51,5104341,3015923
12/17/2015,233.39,3298638,2969781
12/18/2015,230.46,3014170,3040768
12/21/2015,232.56,1953174,2993659
12/22/2015,229.95,1961495,2875495
12/23/2015,229.7,1554979,2780396
12/24/2015,230.57,710277,2631777
12/28/2015,228.95,1901304,2586957
12/29/2015,237.19,2406290,2537761
12/30/2015,238.09,3697921,2605114
12/31/2015,240.01,2715038,2582266
01/4/2016,223.41,6827146,2899296
01/5/2016,223.43,3186752,2893831
01/6/2016,219.04,3779128,2957005
01/7/2016,215.65,3554251,3044327
01/8/2016,211,3628058,2945908
01/11/2016,207.85,4091422,2998760
01/12/2016,209.97,3091917,3003944
01/13/2016,200.31,4126416,3148826
01/14/2016,206.18,6490741,3450776
01/15/2016,204.99,5578640,3719020
01/19/2016,204.72,4038676,3940913
01/20/2016,198.7,5838608,4203401
01/21/2016,199.97,3166159,4254058
01/22/2016,202.55,3124055,4215801
01/25/2016,196.38,2698739,4214714
01/26/2016,193.56,4964180,4090516
01/27/2016,188.07,3617221,4119214
01/28/2016,189.7,4592754,4173456
01/29/2016,191.2,2852289,4126658
02/1/2016,196.94,5297639,4237964
02/2/2016,182.78,5773637,4350112
02/3/2016,173.48,7931362,4672741
02/4/2016,175.33,4385366,4690005
02/5/2016,162.6,9437591,4886461
02/8/2016,147.99,9312988,5135418
02/9/2016,148.25,8651648,5442949
02/10/2016,143.67,10406513,5747476
02/11/2016,150.47,14252364,6486557
02/12/2016,151.04,7235783,6760672
02/16/2016,155.17,5593794,6953676
02/17/2016,168.68,5825159,7011074
02/18/2016,166.77,3887574,7029098
02/19/2016,166.58,2959390,6920207
02/22/2016,177.74,5060051,7067391
02/23/2016,177.21,5984374,7113173
02/24/2016,179,5395609,7087971
02/25/2016,187.43,5750741,6942597
02/26/2016,190.34,6065117,7054580
02/29/2016,191.93,4498997,6725340
03/1/2016,186.35,6712159,6551952
03/2/2016,188.34,4862396,6299335
03/3/2016,195.74,4829018,5927502
03/4/2016,201.04,6489058,5409948
03/7/2016,205.29,5337072,5283368
03/8/2016,202.6,4178693,5189027
03/9/2016,208.72,3208554,5014587
03/10/2016,205.18,5192523,5101584
03/11/2016,207.5,3343077,5127163
03/14/2016,215.15,4065706,5060873
03/15/2016,218.34,3180452,4873945
03/16/2016,221.93,3516703,4748685
03/17/2016,226.38,3782891,4617495
03/18/2016,232.74,4711793,4527273
03/21/2016,238.32,5307822,4581195
03/22/2016,234.24,4315988,4421450
03/23/2016,222.58,4948841,4427213
03/24/2016,227.75,4960900,4436005
03/28/2016,230.26,3925685,4265114
03/29/2016,230.13,4014330,4176931
03/30/2016,226.89,4032982,4167217
03/31/2016,229.77,8012872,4487505
04/1/2016,237.59,15997509,5207837
04/4/2016,246.99,13475327,5883320
04/5/2016,255.47,9948699,6275520
04/6/2016,265.42,11705479,6843855
04/7/2016,257.2,8856171,7199820
04/8/2016,250.07,7363935,7438556
04/11/2016,249.92,9161693,7735216
04/12/2016,247.82,5763208,7765575
04/13/2016,254.53,4925595,7806215
04/14/2016,251.86,4132185,7751772
04/15/2016,254.51,3752366,7671203
04/18/2016,253.88,4271362,7694248
04/19/2016,247.37,6357526,7850461
04/20/2016,249.97,5194051,7927865
04/21/2016,248.29,2783059,7579211
04/22/2016,253.75,3786327,6765132
04/25/2016,251.82,3670348,6111467
04/26/2016,253.74,3223839,5663143
04/27/2016,251.47,3205808,5096498
04/28/2016,247.71,2518990,4674020
04/29/2016,240.76,5413787,4544010
05/2/2016,241.8,3843935,4189493
05/3/2016,232.32,4302222,4092093
05/4/2016,222.56,8700459,4343751
05/5/2016,211.53,11254827,4818594
05/6/2016,214.93,5685237,4947452
05/9/2016,208.92,4776383,4981120
05/10/2016,208.69,4070617,4828660
05/11/2016,208.96,5161864,4826514
05/12/2016,207.28,3650475,4884341
05/13/2016,207.61,2822781,4820105
05/16/2016,208.29,2949396,4772042
05/17/2016,204.66,2843597,4746692
05/18/2016,211.17,5617519,4907473
05/19/2016,215.21,6866321,5197295
05/20/2016,220.28,9007076,5436848
05/23/2016,216.22,5102479,5520750
05/24/2016,217.91,3013843,5434859
05/25/2016,219.58,3132615,5063669
05/26/2016,225.12,4072424,4584842
05/27/2016,223.04,3650272,4449178
05/31/2016,223.23,2789002,4316686
06/1/2016,219.56,2982695,4244158
06/2/2016,218.96,2032832,4035555
06/3/2016,218.99,2228970,3940788
06/6/2016,220.68,2249508,3902570
06/7/2016,232.34,6213573,4120182
06/8/2016,235.52,5971995,4328742
06/9/2016,229.36,4492075,4253712
06/10/2016,218.79,6026603,4197731
06/13/2016,217.87,4193022,3876794
06/14/2016,214.96,3580167,3775307
06/15/2016,217.7,2908522,3768285
06/16/2016,217.93,2440259,3722128
06/17/2016,215.47,3112620,3658141
06/20/2016,219.7,3555471,3651821
06/21/2016,219.61,4529005,3767821
06/22/2016,196.66,23742414,5151803
06/23/2016,196.4,10130748,5691664
06/24/2016,193.15,7026516,6011500
06/27/2016,198.55,7220323,6342888
06/28/2016,201.79,6212422,6342811
06/29/2016,210.19,5994908,6344339
06/30/2016,212.28,4843111,6367741
07/1/2016,216.5,5399951,6325964
07/5/2016,213.98,5175345,6391452
07/6/2016,214.44,4919855,6480765
07/7/2016,215.94,3611531,6527632
07/8/2016,216.78,4074785,6636601
07/11/2016,224.78,5429823,6791081
07/12/2016,224.65,4576165,6859127
07/13/2016,222.53,3567062,6794998
07/14/2016,221.53,2675834,5390559
07/15/2016,220.4,2234247,4864125
07/18/2016,226.25,3412055,4623161
07/19/2016,225.26,3115065,4349478
07/20/2016,228.36,2568498,4106549
07/21/2016,220.5,4428651,4002132
07/22/2016,222.27,2579692,3851237
07/25/2016,230.01,4490683,3790620
07/26/2016,229.51,3430042,3674266
07/27/2016,228.49,2889007,3538876
07/28/2016,230.61,2419059,3459378
07/29/2016,234.79,3070813,3392447
08/1/2016,230.01,4016284,3298211
08/2/2016,227.2,3934432,3255428
08/3/2016,225.79,3887759,3276808
08/4/2016,230.61,4146997,3374886
08/5/2016,230.03,3205215,3439617
08/8/2016,226.16,2263584,3363052
08/9/2016,229.08,2207833,3302570
08/10/2016,225.65,2338301,3287224
08/11/2016,224.91,1880936,3117376
08/12/2016,225.61,1813540,3066299
08/15/2016,225.59,2034328,2902542
08/16/2016,223.61,2267147,2825016
08/17/2016,223.24,1787127,2751557
08/18/2016,223.51,1714467,2704584
08/19/2016,225,1659530,2610499
08/22/2016,222.93,2065493,2480446
08/23/2016,224.84,4784418,2537112
08/24/2016,222.62,2570693,2449307
08/25/2016,220.96,1762519,2290342
08/26/2016,219.99,2238992,2225927
08/29/2016,215.2,3266334,2292777
08/30/2016,211.34,3168862,2356846
08/31/2016,212.01,3276548,2419396
09/1/2016,200.77,7943138,2823543
09/2/2016,197.78,5977413,3101134
09/6/2016,202.83,4390572,3258217
09/7/2016,201.71,3640923,3349802
09/8/2016,197.36,3377946,3455857
09/9/2016,194.47,3756992,3592025
09/12/2016,198.3,3715161,3729067
09/13/2016,196.05,3589379,3830659
09/14/2016,196.41,2259231,3662314
09/15/2016,200.42,3085115,3696608
09/16/2016,205.4,3107808,3786294
09/19/2016,206.34,2299498,3790328
09/20/2016,204.64,2410488,3733272
09/21/2016,205.22,2633503,3697581
09/22/2016,206.43,2382902,3638005
09/23/2016,207.45,2905229,3302144
09/26/2016,208.99,2394358,3063274
09/27/2016,205.81,3373180,2995448
09/28/2016,206.27,2088374,2891944
09/29/2016,200.7,2727029,2848550
09/30/2016,204.03,2586273,2770502
10/3/2016,213.7,5999892,2922817
10/4/2016,211.41,3541481,2919624
10/5/2016,208.46,1877534,2894178
10/6/2016,201,4703402,3002064
10/7/2016,196.61,3493018,3027744
10/10/2016,200.95,3316297,3095531
10/11/2016,200.1,2328422,3090060
10/12/2016,201.51,1970689,3045872
10/13/2016,200.24,2495413,3053373
10/14/2016,196.51,4269850,3144348
10/17/2016,193.96,4554080,3288329
10/18/2016,199.1,5680475,3442149
10/19/2016,203.56,6991183,3769003
10/20/2016,199.1,5072877,3925393
10/21/2016,200.09,2943402,3949201
10/24/2016,202.76,2751562,3732646
10/25/2016,202.34,2445014,3659548
10/26/2016,202.24,5632841,3909902
10/27/2016,204.01,13093744,4469258
10/28/2016,199.97,4280141,4521733
10/31/2016,197.73,4692273,4613465
11/1/2016,190.79,7060036,4928906
11/2/2016,188.02,4253382,5081085
11/3/2016,187.42,2653023,5091592
11/4/2016,190.56,5146043,5150005
11/7/2016,193.21,3870112,5104407
11/8/2016,194.94,3267580,4943548
11/9/2016,190.06,8173065,5022340
11/10/2016,185.35,6750341,5134171
11/11/2016,188.56,3988504,5203844
11/14/2016,181.45,6552205,5457221
11/15/2016,183.77,3902018,5554354
11/16/2016,183.93,3434437,5407794
11/17/2016,188.66,4887067,4860682
11/18/2016,185.02,5210347,4922696
11/21/2016,184.52,4361043,4900614
11/22/2016,191.17,5603361,4803502
11/23/2016,193.14,4891893,4846070
11/25/2016,196.65,2366098,4826941
11/28/2016,196.12,4529182,4785817
11/29/2016,189.57,4439256,4823760
11/30/2016,189.4,3547104,4842395
12/1/2016,181.88,5126401,4639284
12/2/2016,181.47,4042324,4458750
12/5/2016,186.8,4072239,4464332
12/6/2016,185.85,3391622,4253626
12/7/2016,193.15,5461851,4357615
12/8/2016,192.29,3194148,4341596
12/9/2016,192.18,2722505,4197292
12/12/2016,192.43,2438876,4012527
12/13/2016,198.15,6823884,4176716
12/14/2016,198.69,4150927,4079887
12/15/2016,197.58,3219567,3968399
12/16/2016,202.49,3796889,4063785
12/19/2016,202.73,3488071,3994378
12/20/2016,208.79,4689071,4011032
12/21/2016,207.7,5207622,4121733
12/22/2016,208.45,3111108,3987380
12/23/2016,213.34,4670464,4029256
12/27/2016,219.53,5915732,4152156
12/28/2016,219.74,3782456,4178212
12/29/2016,214.68,4044968,4083753
12/30/2016,213.69,4642620,4180317
01/3/2017,216.99,5923254,4393701
01/4/2017,226.99,11213471,4978674
01/5/2017,226.75,5911695,4917861
01/6/2017,229.01,5527893,5009659
01/9/2017,231.28,3979484,5060320
01/10/2017,229.87,3659955,5051191
01/11/2017,229.73,3650825,5062041
01/12/2017,229.59,3790229,5002119
01/13/2017,237.75,6092960,5061141
01/17/2017,235.58,4617522,5161569
01/18/2017,238.36,3768967,5101469
01/19/2017,243.76,7732303,5222574
01/20/2017,244.73,4204275,5250695
01/23/2017,248.92,6262938,5398560
01/24/2017,254.61,4965451,5420082
01/25/2017,254.47,5146361,5368289
01/26/2017,252.51,3152123,4830866
01/27/2017,252.95,3166336,4647842
01/30/2017,250.63,3801074,4532720
01/31/2017,251.93,4116104,4541828
02/1/2017,249.24,3958829,4561753
02/2/2017,251.55,2499775,4485017
02/3/2017,251.33,2186723,4378116
02/6/2017,257.77,3562517,4209420
02/7/2017,257.48,4244775,4184570
02/8/2017,262.08,3933014,4195507
02/9/2017,269.2,7820222,4201368
02/10/2017,269.23,3619739,4162399
02/13/2017,280.6,7029605,4213510
02/14/2017,280.98,7345224,4372162
02/15/2017,279.76,4947856,4358928
02/16/2017,268.95,7077322,4620608
02/17/2017,272.23,6257149,4826662
02/21/2017,277.39,5676747,4951707
02/22/2017,273.51,8754975,5260965
02/23/2017,255.99,14915249,5991393
02/24/2017,257,8171626,6369516
02/27/2017,246.23,11460810,6987789
02/28/2017,249.99,6078145,7155497
03/1/2017,250.02,4809488,7193145
03/2/2017,250.48,3351833,7154400
03/3/2017,251.57,2929234,6828334
03/6/2017,251.21,3355500,6810718
03/7/2017,248.59,3459470,6572709
03/8/2017,246.87,3728649,6331604
03/9/2017,244.9,3879293,6260366
03/10/2017,243.69,3066272,5992963
03/13/2017,246.17,3022625,5777328
03/14/2017,258,7598446,5905441
03/15/2017,255.73,5330806,5677163
03/16/2017,262.05,7132153,5158290
03/17/2017,261.5,6497496,5046682
03/20/2017,261.92,3614294,4523581
03/21/2017,250.68,6908554,4578941
03/22/2017,255.01,4059297,4528928
03/23/2017,254.78,3320245,4526823
03/24/2017,263.16,5647253,4708024
03/27/2017,270.22,6230795,4899710
03/28/2017,277.45,7987604,5201586
03/29/2017,277.38,3676157,5198086
03/30/2017,277.92,4148426,5216028
03/31/2017,278.3,3294640,5231253
04/3/2017,298.52,13888618,5955653
04/4/2017,303.7,10134556,6124727
04/5/2017,295,7880938,6294735
04/6/2017,298.7,5520588,6187298
04/7/2017,302.54,4579613,6059439
04/10/2017,312.39,7664458,6329450
04/11/2017,308.71,5724577,6250518
04/12/2017,296.84,6050682,6383277
04/13/2017,304,9284634,6780903
04/17/2017,301.44,4138736,6680335
04/18/2017,300.25,3035698,6467329
04/19/2017,305.52,3898024,6194690
04/20/2017,302.51,6149352,6359570
04/21/2017,305.6,4509756,6383658
04/24/2017,308.03,5083505,6502916
04/25/2017,313.79,6737708,6026189
04/26/2017,310.17,4695044,5663554
04/27/2017,308.63,3468569,5369397
04/28/2017,314.07,4505478,5301723
05/1/2017,322.83,8829565,5585053
05/2/2017,318.89,5382777,5432941
05/3/2017,311.02,7133365,5526860
05/4/2017,295.46,14152008,6066948
05/5/2017,308.35,8177347,5993129
05/8/2017,307.19,7006471,6184311
05/9/2017,321.26,9676537,6627034
05/10/2017,325.22,5741607,6749940
05/11/2017,323.1,4753819,6656904
05/12/2017,324.81,4121612,6631028
05/15/2017,315.88,7622004,6800261
05/16/2017,317.01,4152484,6627913
05/17/2017,306.11,6711940,6762372
05/18/2017,313.06,5653801,6908055
05/19/2017,310.83,4687572,6920194
05/22/2017,310.35,4329178,6620168
05/23/2017,303.86,4318354,6549207
05/24/2017,310.22,5041692,6409762
05/25/2017,316.83,5013963,5800559
05/26/2017,325.14,7802199,5775549
05/30/2017,335.1,7782916,5827312
05/31/2017,341.01,9963444,5846439
06/1/2017,340.37,7607996,5970865
06/2/2017,339.85,5590239,6026627
06/5/2017,347.32,6784368,6204144
06/6/2017,352.85,11086798,6435130
06/7/2017,359.65,9397959,6784828
06/8/2017,370,9061496,6941465
06/9/2017,357.32,17261436,7715308
06/12/2017,359.01,10517660,8103980
06/13/2017,375.95,11807920,8602563
06/14/2017,380.66,12818429,9169234
06/15/2017,375.34,10426469,9528219
06/16/2017,371.4,6730973,9642687
06/19/2017,369.8,6549332,9559162
06/20/2017,372.24,7438701,9536215
06/21/2017,376.4,4923210,9200199
06/22/2017,382.61,7529778,9194985
06/23/2017,383.45,6445758,9252019
06/26/2017,377.49,6604099,9240001
06/27/2017,362.37,6996399,8967308
06/28/2017,371.24,6302463,8760942
06/29/2017,360.75,8221038,8704911
06/30/2017,361.61,5848521,7944050
07/3/2017,352.62,6305401,7663233
07/5/2017,327.09,17046700,8012485
07/6/2017,308.83,19324496,8446223
07/7/2017,313.22,14176915,8696252
07/10/2017,316.05,13820889,9168913
07/11/2017,327.22,11559402,9502918
07/12/2017,329.52,10346127,9696746
07/13/2017,323.41,8594466,9941497
07/14/2017,327.78,5625211,9814526
07/17/2017,319.57,9876912,10043269
07/18/2017,328.24,6373720,10027911
07/19/2017,325.26,6357014,9985285
07/20/2017,329.92,5166188,9909533
07/21/2017,328.4,4901606,9688238
07/24/2017,342.52,8637082,9874142
07/25/2017,339.6,6989197,9919728
07/26/2017,343.85,4820790,9104668
07/27/2017,334.46,8302405,8369862
07/28/2017,335.07,4880414,7750095
07/31/2017,323.47,8535136,7397712
08/1/2017,319.57,8303102,7180625
08/2/2017,325.89,13091462,7363647
08/3/2017,347.09,13535033,7693018
08/4/2017,356.91,9268909,7935932
08/7/2017,355.17,6324480,7699103
08/8/2017,365.22,7449837,7770844
08/9/2017,363.53,6892096,7806516
08/10/2017,355.4,7092858,7934961
08/11/2017,357.87,4365783,7899239
08/14/2017,363.8,4519186,7624713
08/15/2017,362.33,3085088,7364439
08/16/2017,362.91,3413773,7270638
08/17/2017,351.92,5027660,7052321
08/18/2017,347.46,5408183,7087506
08/21/2017,337.86,6495424,6951525
08/22/2017,341.35,4321966,6686116
08/23/2017,352.77,4954504,6143652
08/24/2017,352.93,4584687,5546963
08/25/2017,348.05,3483956,5161299
08/28/2017,345.66,3763956,4990597
08/29/2017,347.36,4073675,4765520
08/30/2017,353.18,3412943,4533576
08/31/2017,355.9,4072795,4332239
09/1/2017,355.4,3049546,4244490
09/5/2017,349.59,3848382,4199769
09/6/2017,344.53,4091351,4266854
09/7/2017,350.61,4239213,4321883
09/8/2017,343.4,3263508,4204273
09/11/2017,363.69,7667055,4354864
09/12/2017,362.75,5972907,4320030
09/13/2017,366.23,4185231,4310914
09/14/2017,377.64,7202524,4460782
09/15/2017,379.81,5420496,4516503
09/18/2017,385,7187980,4763438
09/19/2017,375.1,6451886,4942633
09/20/2017,373.91,4919052,4998992
09/21/2017,366.48,4618190,5079341
09/22/2017,351.09,8159418,5351783
09/25/2017,344.99,7605946,5655543
09/26/2017,345.25,7156274,5876069
09/27/2017,340.97,6060330,6007334
09/28/2017,339.6,5319617,6079361
09/29/2017,341.1,5107082,6202266
10/2/2017,341.53,5286774,6043581
10/3/2017,348.14,10153596,6322293
10/4/2017,355.01,8163543,6587514
10/5/2017,355.33,4171675,6385458
10/6/2017,356.88,4297474,6310589
10/9/2017,342.94,7493654,6330968
10/10/2017,355.59,6978495,6366075
10/11/2017,354.6,4500831,6338194
10/12/2017,355.68,4087048,6302784
10/13/2017,355.57,3540533,5994858
10/16/2017,350.6,5375486,5846161
10/17/2017,355.75,3293345,5588632
10/18/2017,359.65,4939074,5513882
10/19/2017,351.81,5061843,5496697
10/20/2017,345.1,4930395,5484918
10/23/2017,337.02,5747346,5515623
10/24/2017,337.34,4491672,5138161
10/25/2017,325.84,8594073,5166863
10/26/2017,326.17,5023500,5223652
10/27/2017,320.87,6979704,5402467
10/30/2017,320.08,4254378,5186515
10/31/2017,331.53,5672347,5099439
11/1/2017,321.08,8457336,5363206
11/2/2017,299.26,19791416,6410163
11/3/2017,306.09,8893974,6767060
11/6/2017,302.78,6486009,6841094
11/7/2017,306.05,5294274,6974490
11/8/2017,304.39,4725271,6960236
11/9/2017,302.99,5447147,6985923
11/10/2017,302.99,4625429,6965592
11/13/2017,315.4,7584944,7088099
11/14/2017,308.7,5676076,7167059
11/15/2017,311.3,5978665,6992698
11/16/2017,312.5,5822073,7045936
11/17/2017,315.05,13735139,7496299
11/20/2017,308.74,8247650,7762517
11/21/2017,317.81,7261273,7868445
11/22/2017,312.6,4917636,7632465
11/24/2017,315.55,3244065,6529309
11/27/2017,316.81,4555894,6240103
11/28/2017,317.55,4949491,6137669
11/29/2017,307.54,8767398,6369210
11/30/2017,308.85,4351587,6344298
12/1/2017,306.53,4292868,6267346
12/4/2017,305.2,5835140,6347994
12/5/2017,303.7,4646520,6152099
12/6/2017,313.26,7195341,6253383
12/7/2017,311.24,4780597,6173512
12/8/2017,315.13,3468458,6016604
12/11/2017,328.91,7937981,5630127
12/12/2017,341.03,8733199,5662497
12/13/2017,339.03,6221461,5593176
12/14/2017,337.89,5799916,5651995
12/15/2017,343.45,6933199,5897937
12/18/2017,338.87,5476166,5959288
12/19/2017,331.1,6824971,6084320
12/20/2017,328.98,5953800,5896747
12/21/2017,331.66,4385222,5898990
12/22/2017,325.2,4215807,5893852
12/26/2017,317.29,4378413,5796737
12/27/2017,311.64,4712111,5801110
12/28/2017,315.36,4316347,5609177
12/29/2017,311.35,3777155,5542281
01/2/2018,320.53,4352241,5601200
01/3/2018,317.25,4521527,5373436
01/4/2018,314.62,9946304,5454310
01/5/2018,316.58,4591180,5345624
01/8/2018,336.41,9859435,5616259
01/9/2018,333.69,7146631,5630488
01/10/2018,334.8,4309926,5552738
01/11/2018,337.95,6645484,5540772
01/12/2018,336.22,4825059,5465523
01/16/2018,340.06,6474251,5604792
01/17/2018,347.16,7103505,5797305
01/18/2018,344.57,5685845,5884467
01/19/2018,350.02,4888303,5896213
01/22/2018,351.56,6210360,6022481
01/23/2018,352.79,5465414,6135031
01/24/2018,345.89,5287478,6197380
01/25/2018,337.64,6740303,6345299
01/26/2018,342.85,4539356,5984836
01/29/2018,349.53,4747149,5995234
01/30/2018,345.82,4717700,5652451
01/31/2018,354.31,6214069,5590280
02/1/2018,349.25,4197687,5582798
02/2/2018,343.75,3704836,5386755
02/5/2018,333.13,4464147,5362694
02/6/2018,333.97,5088438,5270306
02/7/2018,345,6969239,5261355
02/8/2018,315.23,10314573,5569937
02/9/2018,310.42,12933721,6106298
02/12/2018,315.73,6227822,6107462
02/13/2018,323.66,4560231,6047117
02/14/2018,322.31,3950743,5958001
02/15/2018,334.065,5912917,5902842
02/16/2018,335.49,5642637,5976394
02/20/2018,334.77,4009435,5927213
02/21/2018,333.3,3219649,5827343
02/22/2018,346.17,6969808,5877726
02/23/2018,352.05,5817387,5985706
02/26/2018,357.42,4339985,6028049
02/27/2018,350.99,4797419,6050267
02/28/2018,343.06,6069658,6115682
03/1/2018,330.93,6885601,6110106
03/2/2018,335.12,5092829,5761990
03/5/2018,333.35,3823769,5154660
03/6/2018,328.2,4285744,5025188
03/7/2018,332.3,5007297,5054992
03/8/2018,329.1,3566244,5029359
03/9/2018,327.17,5506764,5002282
03/12/2018,345.51,8264035,5177042
03/13/2018,341.84,5965805,5307467
03/14/2018,326.63,7967370,5623981
03/15/2018,325.6,6564801,5596981
03/16/2018,321.35,6117279,5616974
03/19/2018,313.56,7484294,5826594
03/20/2018,310.55,4764293,5824386
03/21/2018,316.53,5958411,5816969
03/22/2018,309.1,4939771,5687247
03/23/2018,301.54,6654899,5791385
03/26/2018,304.18,8375175,6094812
03/27/2018,279.18,13872029,6733898
03/28/2018,257.78,21001436,7800174
03/29/2018,266.13,15170749,8573807
04/2/2018,252.48,16113968,9280954
04/3/2018,267.53,18844384,9986311
04/4/2018,286.94,19896746,10915040
04/5/2018,305.72,19121100,11658622
04/6/2018,299.3,13520286,12122321
04/9/2018,289.66,10249805,12397823
04/10/2018,304.7,11024259,12633821
04/11/2018,300.93,7482945,12815064
04/12/2018,294.08,7608769,12925088
04/13/2018,300.34,7327223,13084252
04/16/2018,291.21,6338488,13063157
04/17/2018,287.69,7000023,12971481
04/18/2018,293.35,6557700,12483859
04/19/2018,300.08,6090599,11489803
04/20/2018,290.24,5627928,10853615
04/23/2018,283.37,4893378,10105576
04/24/2018,283.46,5685308,9228304
04/25/2018,280.69,4013574,8169426
04/26/2018,285.48,4356013,7185087
04/27/2018,294.075,4364626,6574709
04/30/2018,293.9,4228172,6173267
05/1/2018,299.92,4625603,5746690
05/2/2018,301.15,8970370,5845852
05/3/2018,284.45,17352130,6495409
05/4/2018,294.09,8569354,6578218
05/7/2018,302.77,8678224,6734200
05/8/2018,301.97,5930000,6662866
05/9/2018,306.85,5727365,6607510
05/10/2018,305.02,5651561,6578241
05/11/2018,301.06,4679649,6515022
05/14/2018,291.97,7286804,6674584
05/15/2018,284.18,9519173,6930175
05/16/2018,286.48,5674019,7040871
05/17/2018,284.54,4420612,7045178
05/18/2018,276.82,7251887,7237662
05/21/2018,284.49,9182571,7567955
05/22/2018,275.01,8945756,7855965
05/23/2018,279.07,5985053,7656944
05/24/2018,277.85,4176708,6778583
05/25/2018,278.85,3875082,6465631
05/29/2018,283.76,5666640,6264859
05/30/2018,291.72,7489686,6368838
05/31/2018,284.73,5919721,6381662
06/1/2018,291.82,5424386,6366517
06/4/2018,296.74,4797810,6374394
06/5/2018,291.13,5995157,6288284
06/6/2018,319.5,18767268,6904824
06/7/2018,316.09,14345271,7482907
06/8/2018,317.66,8205202,7735213
06/11/2018,332.1,13183473,8130653
06/12/2018,342.77,22347404,9008308
06/13/2018,344.78,9469804,9043244
06/14/2018,357.72,10981023,9376309
06/15/2018,358.17,10848254,9821079
06/18/2018,370.83,12073226,10367622
06/19/2018,352.55,12761903,10840639
06/20/2018,362.22,8383656,10900237
06/21/2018,347.51,7967145,11036732
06/22/2018,333.63,10266059,11359510
06/25/2018,333.01,6931304,11501743
06/26/2018,342,7452487,11598899
06/27/2018,344.5,8333727,10903329
06/28/2018,349.93,8398005,10506845
06/29/2018,342.95,6492396,10392658
07/2/2018,335.07,18759764,10764410
07/3/2018,310.86,12282638,10093426
07/5/2018,309.16,17476374,10627197
07/6/2018,308.9,8865451,10486159
07/9/2018,318.51,7596753,10269393
07/10/2018,322.47,9471498,10095944
07/11/2018,318.96,4884076,9570756
07/12/2018,316.71,5721166,9393256
07/13/2018,318.87,5875770,9253831
07/16/2018,310.1,7818655,9090671
07/17/2018,322.69,6996232,9094999
07/18/2018,323.85,5624211,8973114
07/19/2018,320.23,5915345,8811889
07/20/2018,313.58,5166547,8596458
07/23/2018,303.2,10992947,8896495
07/24/2018,297.43,9590784,8285230
07/25/2018,308.74,7094180,7939333
07/26/2018,306.65,4630522,7082943
07/27/2018,297.18,5703326,6872134
07/30/2018,290.17,6814072,6819956
07/31/2018,298.14,5076916,6526984
08/1/2018,300.84,10129430,6876674
08/2/2018,349.54,23214962,8042927
08/3/2018,348.17,13656486,8561641
08/6/2018,341.99,8564331,8611353
08/7/2018,379.57,30875768,10203322
08/8/2018,370.34,24571164,11466452
08/9/2018,352.45,17183812,12217683
08/10/2018,355.49,11552044,12643383
08/13/2018,356.41,10463881,12608112
08/14/2018,347.64,6986427,12434488
08/15/2018,338.69,9101258,12568293
08/16/2018,335.45,6064033,12663861
08/17/2018,305.5,18958612,13547546
08/20/2018,308.44,17402336,14253431
08/21/2018,321.9,13172230,14793118
08/22/2018,321.64,5945955,14514220
08/23/2018,320.1,5147286,13309708
08/24/2018,322.82,3602564,12639447
08/27/2018,319.27,13079288,12940444
08/28/2018,311.86,7649091,11391999
08/29/2018,305.01,7447392,10250414
08/30/2018,303.15,7216706,9585940
08/31/2018,301.66,5375104,9174144
09/4/2018,288.95,8350469,9033250
09/5/2018,280.74,7720821,9082210
09/6/2018,280.95,7480760,8974176
09/7/2018,263.24,22491932,10069370
09/10/2018,285.5,14283528,9757697
09/11/2018,279.44,9169989,9208874
09/12/2018,290.54,10015427,8998421
09/13/2018,289.46,6340336,9024713
09/14/2018,295.2,6765612,9132601
09/17/2018,294.84,6887577,9351602
09/18/2018,284.96,16547522,9582818
09/19/2018,299.02,8294917,9625873
09/20/2018,298.33,7349422,9619341
09/21/2018,299.1,5050478,9474926
09/24/2018,299.68,4842961,9439450
09/25/2018,300.99,4481729,9181534
09/26/2018,309.58,7843216,9189694
09/27/2018,307.52,8509084,9258249
09/28/2018,264.77,33649696,10002100
10/1/2018,310.7,21777596,10501704
10/2/2018,301.02,11743511,10673272
10/3/2018,294.8,7994988,10538576
10/4/2018,281.83,9814212,10770168
10/5/2018,261.95,17944536,11515430
10/8/2018,250.56,13472653,11954435
10/9/2018,262.8,12060574,11655305
10/10/2018,256.88,12815278,11956662
10/11/2018,252.23,8167738,12011217
10/12/2018,258.78,7201404,12154612
10/15/2018,259.59,6199965,12245079
10/16/2018,276.59,9526401,12581390
10/17/2018,271.78,8655542,12635545
10/18/2018,263.91,5421184,12429685
10/19/2018,260,9375549,10811409
10/22/2018,260.95,5600260,9732920
10/23/2018,294.14,19027752,10218536
10/24/2018,288.5,20058258,11022754
10/25/2018,314.86,20840724,11757855
10/26/2018,330.9,27425520,12389920
10/29/2018,334.85,14486027,12457478
10/30/2018,329.9,9126704,12261887
10/31/2018,337.32,7624348,11915825
11/1/2018,344.28,8000132,11904651
11/2/2018,346.41,7807971,11945089
11/5/2018,341.4,7831048,12053828
11/6/2018,341.06,6762889,11869594
11/7/2018,348.16,7374522,11784193
11/8/2018,351.4,7090674,11895492
11/9/2018,350.51,5098846,11610378
11/12/2018,331.28,6941523,11699796
11/13/2018,338.73,5448597,10794519
11/14/2018,344,5040287,9793321
11/15/2018,348.44,4625719,8712320
11/16/2018,354.31,7206191,7364365
11/19/2018,353.47,9708871,7045888
11/20/2018,347.49,8004709,6971089
11/21/2018,338.19,4686808,6775253
11/23/2018,325.83,4202642,6522087
11/26/2018,346,7992141,6534365
11/27/2018,343.92,6358300,6436182
11/28/2018,347.87,4127578,6260494
11/29/2018,341.17,3080724,5974241
11/30/2018,350.48,5628895,5876789
12/3/2018,358.49,8306511,6090633
12/4/2018,359.7,8461945,6191995
12/6/2018,363.06,7842508,6351589
12/7/2018,357.965,11511177,6782982
12/10/2018,365.15,6613455,6915497
12/11/2018,366.76,6308769,6855669
12/12/2018,366.6,5027048,6543548
12/13/2018,376.79,7365854,6500957
12/14/2018,365.71,6337555,6611007
12/17/2018,348.42,7674008,6842431
12/18/2018,337.03,7099999,6782955
12/19/2018,332.97,8274181,6910681
12/20/2018,315.38,9071858,7240299
12/21/2018,319.77,8016801,7569371
12/24/2018,295.39,5559913,7564772
12/26/2018,326.09,8163138,7555214
12/27/2018,316.13,8575133,7562760
12/28/2018,333.87,9938992,7702526
12/31/2018,332.8,6302338,7355270
01/2/2019,310.12,11658648,7691616
01/3/2019,300.36,6965184,7735377
01/4/2019,317.69,7394116,7893181
01/7/2019,334.96,7551225,7905540
01/8/2019,335.35,7008516,7950270
01/9/2019,338.53,5432945,7800866
01/10/2019,344.97,6056354,7731290
01/11/2019,347.26,5039052,7515614
01/14/2019,334.4,5247284,7260643
01/15/2019,344.43,6056590,7129962
01/16/2019,346.05,4691739,7072084
01/17/2019,347.31,3676733,6772990
01/18/2019,302.26,24150764,7811366
01/22/2019,298.92,12066741,7953216
01/23/2019,287.59,12529993,8368393
01/24/2019,291.51,8012155,8125293
01/25/2019,297.04,7258078,8144819
01/28/2019,296.38,6423279,8080097
01/29/2019,297.46,4621692,7884795
01/30/2019,308.77,11250318,8167581
01/31/2019,307.02,12569245,8643334
02/1/2019,312.21,7283441,8725140
02/4/2019,312.89,7352082,8879342
02/5/2019,321.35,6742765,8979041
02/6/2019,317.22,5038546,8911171
02/7/2019,307.51,6520611,9033096
02/8/2019,305.8,5844212,9177595
02/11/2019,312.84,7129713,8042858
02/12/2019,311.81,5517570,7606247
02/13/2019,308.17,5141617,7113689
02/14/2019,303.77,5200832,6926267
02/15/2019,307.88,3904947,6702725
02/19/2019,305.64,4168443,6552403
02/20/2019,302.56,7142117,6720431
02/21/2019,291.23,8909182,6564355
02/22/2019,294.71,5740558,6109109
02/25/2019,298.77,6626522,6065315
02/26/2019,297.86,8582535,6147345
02/27/2019,314.74,11183908,6443421
02/28/2019,319.88,10520653,6808895
03/1/2019,294.79,22911376,7901613
03/4/2019,285.36,17096818,8651786
03/5/2019,276.54,18764740,9427455
03/6/2019,276.24,10335485,9748649
03/7/2019,276.59,9442483,10035373
03/8/2019,284.14,8819625,10276626
03/11/2019,290.92,7392278,10509115
03/12/2019,283.36,7504137,10731494
03/13/2019,288.96,6844719,10711668
03/14/2019,289.96,7103447,10591286
03/15/2019,275.43,14785531,11194284
03/18/2019,269.49,10280980,11437914
03/19/2019,267.47,11800630,11652454
03/20/2019,273.6,6908224,11367408
03/21/2019,274.02,5947098,11062505
03/22/2019,264.53,8745609,10118120
03/25/2019,260.42,10215029,9659334
03/26/2019,267.77,7350948,8898415
03/27/2019,274.83,8779166,8794660
03/28/2019,278.62,6774093,8616768
03/29/2019,279.86,5991338,8428215
04/1/2019,289.18,8110439,8476093
04/2/2019,285.88,5478940,8341080
04/3/2019,291.81,7929864,8413422
04/4/2019,267.78,23720728,9521241
04/5/2019,274.96,13038257,9404756
04/8/2019,273.2,10410436,9413387
04/9/2019,272.31,5904031,9020280
04/10/2019,276.06,7061314,9030486
04/11/2019,268.42,9835927,9289741
04/12/2019,267.7,6745974,9156432
04/15/2019,266.38,10038579,9144669
04/16/2019,273.36,7272930,9139468
04/17/2019,271.23,5126468,8895955
04/18/2019,273.26,5876325,8836103
04/22/2019,262.75,12147141,9246490
04/23/2019,263.9,10943859,9435385
04/24/2019,258.66,10727454,9785286
04/25/2019,247.63,21849392,10713254
04/26/2019,235.14,22360708,10622586
04/29/2019,241.47,16714476,10867668
04/30/2019,238.69,9464628,10804614
05/1/2019,234.01,10704354,11124635
05/2/2019,244.1,18159340,11864504
05/3/2019,255.03,23706772,12789227
05/6/2019,255.34,10833943,13061758
05/7/2019,247.06,10131408,13067947
05/8/2019,244.84,6176440,12994847
05/9/2019,241.98,6711382,13100508
05/10/2019,239.52,7008336,13175976
05/13/2019,227.01,10834796,13088486
05/14/2019,232.31,7252412,12842389
05/15/2019,231.95,7295976,12613624
05/16/2019,228.33,7483273,11655883
05/17/2019,211.03,17786666,11350947
05/20/2019,205.36,20526196,11605061
05/21/2019,205.08,18003900,12174346
05/22/2019,192.73,18685188,12706402
05/23/2019,195.49,26547142,13265589
05/24/2019,190.63,14136572,12627575
05/28/2019,188.7,10312901,12592839
05/29/2019,189.86,11968638,12715321
05/30/2019,188.22,7926475,12831990
05/31/2019,185.16,10406732,13078347
06/3/2019,178.97,13064410,13482085
06/4/2019,193.6,13807522,13680267
06/5/2019,196.59,13510756,14097490
06/6/2019,205.95,20242152,14960568
06/7/2019,204.5,16003527,15528585
06/10/2019,212.88,10585039,15048477
06/11/2019,217.1,11653537,14456966
06/12/2019,209.26,15197544,14269876
06/13/2019,213.91,8168260,13568747
06/14/2019,214.92,7433402,12294498
06/17/2019,225.03,12316803,12173180
06/18/2019,224.74,12715788,12333372
06/19/2019,226.43,6575135,11973805
06/20/2019,219.62,11863462,12236271
06/21/2019,221.86,8202078,12089294
06/24/2019,223.64,5750771,11601718
06/25/2019,219.76,6182071,11093355
06/26/2019,219.27,8507208,10759785
06/27/2019,222.84,6339710,9832956
06/28/2019,223.46,6851384,9222813
07/1/2019,227.17,8237964,9066341
07/2/2019,224.55,9259027,8906707
07/3/2019,234.9,14201148,8840281
07/5/2019,233.1,7065738,8766779
07/8/2019,230.34,5880542,8663255
07/9/2019,230.06,6190835,8254858
07/10/2019,238.92,9145736,8016854
07/11/2019,238.6,7514430,8079474
07/12/2019,245.08,9200521,7901944
07/15/2019,253.5,11000092,8088479
07/16/2019,252.38,8148989,8248360
07/17/2019,254.86,9764727,8487203
07/18/2019,253.54,4764483,8237689
07/19/2019,258.18,7048410,8284935
07/22/2019,255.68,6846273,8284595
07/23/2019,260.17,5023121,8070272
07/24/2019,264.88,11072835,8191192
07/25/2019,228.82,22418252,8738999
07/26/2019,228.04,10027697,8936463
07/29/2019,235.77,9273331,9162649
07/30/2019,242.26,8109014,9290527
07/31/2019,241.61,9178208,9292692
08/1/2019,233.85,8259516,9342365
08/2/2019,234.34,6136481,9138095
08/5/2019,228.32,7028279,8873308
08/6/2019,230.75,5564200,8700988
08/7/2019,233.42,4776500,8368440
08/8/2019,238.3,5274349,8402431
08/9/2019,235.01,3898244,8192420
08/12/2019,229.01,4663937,8046931
08/13/2019,235,4868998,8036656
08/14/2019,219.62,9562591,7935973
08/15/2019,215.64,8231952,6990220
08/16/2019,219.94,5207376,6668865
08/19/2019,226.83,5311748,6404760
08/20/2019,225.86,4170527,6142194
08/21/2019,220.83,7799744,6050296
08/22/2019,222.15,6564964,5937326
08/23/2019,211.4,8559704,6098874
08/26/2019,215,5054414,5967283
08/27/2019,214.08,5420727,5957719
08/28/2019,215.59,3238625,5855194
08/29/2019,221.71,5183104,5849111
08/30/2019,225.61,9327775,6211079
09/3/2019,225.01,5360546,6257520
09/4/2019,220.68,5768696,6317500
09/5/2019,229.58,7403322,6173549
09/6/2019,227.45,4189372,5904043
09/9/2019,231.79,4802669,5877063
09/10/2019,235.54,4883714,5848527
09/11/2019,247.1,10042777,6240010
09/12/2019,245.87,8581210,6292108
09/13/2019,245.2,5313145,6208654
09/16/2019,242.81,4728096,5953213
09/17/2019,244.79,3946909,5879379
09/18/2019,243.49,4228103,5799871
09/19/2019,246.6,4883135,5909505
09/20/2019,240.62,6506264,5997716
09/23/2019,241.23,4391630,5668639
09/24/2019,223.21,12941112,6174011
09/25/2019,228.7,9444286,6419050
09/26/2019,242.56,12078785,6730747
09/27/2019,242.13,11123179,7193001
09/30/2019,240.87,5946161,7269234
10/1/2019,244.69,6196290,7356739
10/2/2019,243.13,6256548,7104324
10/3/2019,233.03,15137763,7541427
10/4/2019,231.43,8021180,7721963
10/7/2019,237.72,8086957,7945887
10/8/2019,240.05,8702338,8262916
10/9/2019,244.53,6935033,8443377
10/10/2019,244.74,6313417,8538730
10/11/2019,247.89,8488159,8670856
10/14/2019,256.96,10226863,9059871
10/15/2019,257.89,6479456,8629094
10/16/2019,259.75,6704303,8446429
10/17/2019,261.97,4779043,7959780
10/18/2019,256.95,5753666,7601812
10/21/2019,253.5,5108101,7545941
10/22/2019,255.58,4625095,7441195
10/23/2019,254.68,11216182,7771837
10/24/2019,299.68,29819232,8750602
10/25/2019,328.13,30006092,10216262
10/28/2019,327.71,18870286,10935151
10/29/2019,316.22,12684267,11200613
10/30/2019,315.01,9641810,11381065
10/31/2019,314.92,5066956,11297967
11/1/2019,313.31,6383929,11157685
11/4/2019,317.47,8787040,11061697
11/5/2019,317.22,6943417,11092628
11/6/2019,326.58,7940932,11175070
11/7/2019,335.54,14467348,11820957
11/8/2019,337.14,6074221,11842327
11/11/2019,345.09,9993689,12168033
11/12/2019,349.93,7359383,12350319
11/13/2019,346.11,8467863,12167098
11/14/2019,349.35,6471703,10610596
11/15/2019,352.17,4812563,8931027
11/18/2019,349.99,4408505,7966909
11/19/2019,359.52,7736078,7637029
11/20/2019,352.22,6733965,7443173
11/21/2019,354.83,6110013,7512710
11/22/2019,333.04,16870642,8211824
11/25/2019,336.34,12345765,8449072
11/26/2019,328.92,7956239,8516594
11/27/2019,331.29,5563459,8358096
11/29/2019,329.94,2465629,7557981
12/2/2019,334.87,6081986,7558499
12/3/2019,336.2,6613476,7333152
12/4/2019,333.03,5536255,7211610
12/5/2019,330.37,3736976,6896217
12/6/2019,335.89,7618937,6972699
12/9/2019,339.53,9040217,7254543
12/10/2019,348.84,8839951,7549973
12/11/2019,352.7,6919162,7495512
12/12/2019,359.68,7776211,7564995
12/13/2019,358.39,6574281,7595946
12/16/2019,381.5,18220940,7685966
12/17/2019,378.99,8503775,7429833
12/18/2019,393.15,14136392,7841843
12/19/2019,404.04,18120308,8678966
12/20/2019,405.59,14785206,9500272
12/23/2019,419.22,13332821,9983661
12/24/2019,425.25,8054720,10079743
12/26/2019,430.94,10648289,10420546
12/27/2019,430.38,9956827,10835202
12/30/2019,414.7,12601265,11167358
12/31/2019,418.33,10292456,11250840
01/2/2020,430.26,9558386,11298736
01/3/2020,443.01,17794696,12023772
01/6/2020,451.54,10157499,12182524
01/7/2020,469.06,18209138,12958181
01/8/2020,492.14,31199392,13823411
01/9/2020,481.34,28463186,15154039
01/10/2020,478.15,12976832,15076735
01/13/2020,524.86,26634548,15644351
01/14/2020,537.92,29061376,16596095
01/15/2020,518.5,17368832,16865162
01/16/2020,513.49,21736652,17777292
01/17/2020,510.5,13629073,17976010
01/21/2020,547.2,17803472,18499120
01/22/2020,569.56,31369028,19750304
01/23/2020,572.2,19651042,20374210
01/24/2020,564.82,14353600,20693892
01/27/2020,558.02,13608068,20414782
01/28/2020,566.9,11788493,20523516
01/29/2020,580.99,18216672,20524018
01/30/2020,640.81,29005676,20377770
01/31/2020,650.57,15719266,19528176
02/3/2020,780,47233496,21811952
02/4/2020,887.06,60938760,24098900
02/5/2020,734.7,48423836,25389732
02/6/2020,748.96,39880752,26890526
02/7/2020,748.07,17063520,26578984
02/10/2020,771.28,24689164,27316324
02/11/2020,774.38,11697473,26909256
02/12/2020,,7319,24818476
